Date,Tenor,Rate
2024-01-02,2.0,2.773
2024-01-03,2.0,2.794
2024-01-04,2.0,2.789
2024-01-05,2.0,2.805
2024-01-08,2.0,2.804
2024-01-09,2.0,2.898
2024-01-10,2.0,2.942
2024-01-15,2.0,3.003
2024-01-16,2.0,2.922
2024-01-17,2.0,2.876
2024-01-18,2.0,2.88
2024-01-19,2.0,2.88
2024-01-22,2.0,3.0
2024-01-23,2.0,3.006
2024-01-24,2.0,3.057
2024-01-25,2.0,3.049
2024-01-26,2.0,3.039
2024-01-29,2.0,3.037
2024-01-30,2.0,2.95
2024-01-31,2.0,2.95
2024-02-01,2.0,2.95
2024-02-02,2.0,2.947
2024-02-05,2.0,2.864
2024-02-06,2.0,2.884
2024-02-07,2.0,2.982
2024-02-08,2.0,2.977
2024-02-09,2.0,2.968
2024-02-12,2.0,3.049
2024-02-13,2.0,3.072
2024-02-14,2.0,3.118
2024-02-15,2.0,3.118
2024-02-16,2.0,3.116
2024-02-19,2.0,3.107
2024-02-20,2.0,3.133
2024-02-21,2.0,3.185
2024-02-22,2.0,3.17
2024-02-23,2.0,3.17
2024-02-26,2.0,3.201
2024-02-27,2.0,3.241
2024-02-28,2.0,3.187
2024-02-29,2.0,3.187
2024-03-01,2.0,3.187
2024-03-04,2.0,3.246
2024-03-05,2.0,3.229
2024-03-06,2.0,3.209
2024-03-07,2.0,3.209
2024-03-08,2.0,3.208
2024-03-11,2.0,3.172
2024-03-12,2.0,3.145
2024-03-13,2.0,3.078
2024-03-14,2.0,3.076
2024-03-15,2.0,3.071
2024-03-18,2.0,3.171
2024-03-19,2.0,3.21
2024-03-20,2.0,3.233
2024-03-21,2.0,3.236
2024-03-22,2.0,3.236
2024-03-25,2.0,3.234
2024-03-26,2.0,3.188
2024-03-27,2.0,3.146
2024-04-02,2.0,3.145
2024-04-03,2.0,3.137
2024-04-08,2.0,3.153
2024-04-09,2.0,3.124
2024-04-10,2.0,3.174
2024-04-15,2.0,3.258
2024-04-16,2.0,3.281
2024-04-17,2.0,3.224
2024-04-22,2.0,3.267
2024-04-23,2.0,3.305
2024-04-24,2.0,3.321
2024-04-29,2.0,3.352
2024-04-30,2.0,3.373
2024-05-06,2.0,3.38
2024-05-07,2.0,3.329
2024-05-08,2.0,3.277
2024-05-13,2.0,3.278
2024-05-14,2.0,3.278
2024-05-15,2.0,3.308
2024-05-20,2.0,3.228
2024-05-21,2.0,3.278
2024-05-22,2.0,3.326
2024-05-27,2.0,3.336
2024-05-28,2.0,3.389
2024-05-29,2.0,3.399
2024-06-03,2.0,3.408
2024-06-04,2.0,3.375
2024-06-05,2.0,3.407
2024-06-10,2.0,3.278
2024-06-11,2.0,3.31
2024-06-12,2.0,3.374
2024-06-17,2.0,3.279
2024-06-18,2.0,3.236
2024-06-19,2.0,3.188
2024-06-24,2.0,3.195
2024-06-25,2.0,3.197
2024-06-26,2.0,3.168
2024-07-01,2.0,3.207
2024-07-02,2.0,3.186
2024-07-03,2.0,3.207
2024-07-08,2.0,3.203
2024-07-09,2.0,3.236
2024-07-10,2.0,3.189
2024-07-15,2.0,3.179
2024-07-16,2.0,3.095
2024-07-17,2.0,3.109
2024-07-22,2.0,3.047
2024-07-23,2.0,3.029
2024-07-24,2.0,3.069
2024-07-29,2.0,3.032
2024-07-30,2.0,2.994
2024-07-31,2.0,2.95
2024-08-05,2.0,2.86
2024-08-06,2.0,2.816
2024-08-07,2.0,2.736
2024-08-12,2.0,2.739
2024-08-13,2.0,2.738
2024-08-14,2.0,2.717
2024-08-19,2.0,2.659
2024-08-20,2.0,2.74
2024-08-21,2.0,2.728
2024-08-26,2.0,2.648
2024-08-27,2.0,2.705
2024-08-28,2.0,2.661
2024-09-02,2.0,2.669
2024-09-03,2.0,2.646
2024-09-04,2.0,2.675
2024-09-09,2.0,2.606
2024-09-10,2.0,2.575
2024-09-11,2.0,2.536
2024-09-16,2.0,2.419
2024-09-17,2.0,2.487
2024-09-18,2.0,2.448
2024-09-23,2.0,2.496
2024-09-24,2.0,2.46
2024-09-25,2.0,2.438
2024-09-30,2.0,2.35
2024-10-01,2.0,2.357
2024-10-02,2.0,2.307
2024-10-07,2.0,2.277
2024-10-08,2.0,2.315
2024-10-09,2.0,2.425
2024-10-14,2.0,2.479
2024-10-15,2.0,2.438
2024-10-16,2.0,2.428
2024-10-21,2.0,2.357
2024-10-22,2.0,2.325
2024-10-23,2.0,2.287
2024-10-28,2.0,2.307
2024-10-29,2.0,2.276
2024-10-30,2.0,2.299
2024-11-04,2.0,2.38
2024-11-05,2.0,2.386
2024-11-06,2.0,2.378
2024-11-11,2.0,2.309
2024-11-12,2.0,2.31
2024-11-13,2.0,2.278
2024-11-18,2.0,2.26
2024-11-19,2.0,2.188
2024-11-20,2.0,2.199
2024-11-25,2.0,2.266
2024-11-26,2.0,2.257
2024-11-27,2.0,2.166
2024-12-02,2.0,2.188
2024-12-03,2.0,2.166
2024-12-04,2.0,2.106
2024-12-09,2.0,2.075
2024-12-10,2.0,2.127
2024-12-11,2.0,2.119
2024-12-16,2.0,2.088
2024-12-17,2.0,2.149
2024-12-18,2.0,2.199
2024-12-23,2.0,2.17
2024-12-24,2.0,2.226
2024-12-30,2.0,2.19
2024-12-31,2.0,2.19
2025-01-06,2.0,2.188
2025-01-07,2.0,2.216
2025-01-08,2.0,2.258
2025-01-13,2.0,2.327
2025-01-14,2.0,2.348
2025-01-15,2.0,2.39
2025-01-20,2.0,2.359
2025-01-21,2.0,2.348
2025-01-22,2.0,2.337
2025-01-27,2.0,2.346
2025-01-28,2.0,2.357
2025-01-29,2.0,2.404
2025-02-03,2.0,2.397
2025-02-04,2.0,2.339
2025-02-05,2.0,2.259
2025-02-10,2.0,2.186
2025-02-11,2.0,2.188
2025-02-12,2.0,2.169
2025-02-17,2.0,2.265
2025-02-18,2.0,2.228
2025-02-19,2.0,2.258
2025-02-24,2.0,2.297
2025-02-25,2.0,2.268
2025-02-26,2.0,2.237
2025-03-03,2.0,2.179
2025-03-04,2.0,2.149
2025-03-05,2.0,2.13
2025-03-10,2.0,2.32
2025-03-11,2.0,2.317
2025-03-12,2.0,2.336
2025-03-17,2.0,2.309
2025-03-18,2.0,2.278
2025-03-19,2.0,2.297
2025-03-24,2.0,2.306
2025-03-25,2.0,2.288
2025-03-26,2.0,2.26
2025-03-31,2.0,2.231
2025-04-01,2.0,2.214
2025-04-02,2.0,2.168
2025-04-07,2.0,2.175
2025-04-08,2.0,2.097
2025-04-09,2.0,2.015
2025-04-14,2.0,1.977
2025-04-15,2.0,1.977
2025-04-16,2.0,2.026
2025-04-22,2.0,1.889
2025-04-23,2.0,1.898
2025-04-28,2.0,1.912
2025-04-29,2.0,1.883
2025-04-30,2.0,1.899
2025-05-05,2.0,1.879
2025-05-06,2.0,1.755
2025-05-07,2.0,1.947
2025-05-12,2.0,1.901
2025-05-13,2.0,1.947
2025-05-14,2.0,1.945
2025-05-19,2.0,2.079
2025-05-20,2.0,2.034
2025-05-21,2.0,2.006
2025-05-26,2.0,2.018
2025-05-27,2.0,1.994
2025-05-28,2.0,1.955
2025-06-02,2.0,1.939
2025-06-03,2.0,1.93
2025-06-04,2.0,1.934
2025-06-09,2.0,1.939
2025-06-10,2.0,1.998
2025-06-11,2.0,2.007
2025-06-16,2.0,1.98
2025-06-17,2.0,1.961
2025-06-18,2.0,2.001
2025-06-23,2.0,1.986
2025-06-24,2.0,1.988
2025-06-25,2.0,1.994
2025-06-30,2.0,1.977
2025-07-01,2.0,1.967
2025-07-02,2.0,1.994
2025-07-07,2.0,1.997
2025-07-08,2.0,1.978
2025-07-09,2.0,1.987
2025-07-14,2.0,1.995
2025-07-15,2.0,2.025
2025-07-16,2.0,2.039
2025-07-22,2.0,2.005
2025-07-23,2.0,1.997
2025-07-28,2.0,1.996
2025-07-29,2.0,2.054
2025-07-30,2.0,2.071
2025-08-04,2.0,2.084
2025-08-05,2.0,2.101
2025-08-06,2.0,2.065
2025-08-11,2.0,2.061
2025-08-12,2.0,2.062
2025-08-13,2.0,2.084
2025-08-18,2.0,2.071
2025-08-19,2.0,2.083
2025-08-20,2.0,2.108
2025-08-25,2.0,2.072
2025-08-26,2.0,2.102
2025-08-27,2.0,2.073
2025-09-01,2.0,2.05
2025-09-02,2.0,2.064
2025-09-03,2.0,2.08
2025-09-08,2.0,2.087
2025-09-09,2.0,2.094
2025-09-10,2.0,2.069
2025-09-15,2.0,2.096
2025-09-16,2.0,2.13
2025-09-17,2.0,2.142
2025-09-22,2.0,2.135
2025-09-23,2.0,2.14
2025-09-24,2.0,2.154
2025-09-29,2.0,2.155
2025-09-30,2.0,2.175
2025-10-01,2.0,2.171
2025-10-06,2.0,2.143
2025-10-07,2.0,2.136
2025-10-08,2.0,2.153
2025-10-13,2.0,2.13
2025-10-14,2.0,2.138
2025-10-15,2.0,2.112
2025-10-20,2.0,2.08
2025-10-21,2.0,2.057
2025-10-22,2.0,2.071
2025-10-27,2.0,2.067
2025-10-28,2.0,2.084
2025-10-29,2.0,2.117
2025-11-03,2.0,2.14
2025-11-04,2.0,2.138
2025-11-05,2.0,2.129
2025-11-10,2.0,2.154
2025-11-11,2.0,2.15
2025-11-12,2.0,2.142
2025-11-17,2.0,2.157
2025-11-18,2.0,2.183
2025-11-19,2.0,2.193
2025-11-24,2.0,2.184
2025-11-25,2.0,2.175
2025-11-26,2.0,2.16
2025-12-01,2.0,2.16
2025-12-02,2.0,2.168
2025-12-03,2.0,2.172
2025-12-08,2.0,2.183
2025-12-09,2.0,2.198
2025-12-10,2.0,2.237
2025-12-15,2.0,2.317
2025-12-16,2.0,2.299
2025-12-17,2.0,2.295
2025-12-22,2.0,2.278
2025-12-23,2.0,2.278
2025-12-24,2.0,2.293
2025-12-29,2.0,2.284
2025-12-30,2.0,2.281
2025-12-31,2.0,2.285
2026-01-05,2.0,2.262
2026-01-06,2.0,2.263
2026-01-07,2.0,2.269
2026-01-12,2.0,2.222
2026-01-13,2.0,2.233
2026-01-14,2.0,2.255
2026-01-19,2.0,2.234
2026-01-20,2.0,2.251
2026-01-21,2.0,2.266
2026-01-26,2.0,2.25
2026-01-27,2.0,2.264
2026-01-28,2.0,2.285
2026-02-02,2.0,2.233
2026-02-03,2.0,2.214
2026-02-04,2.0,2.227
2026-02-09,2.0,2.239
2026-02-10,2.0,2.238
2026-02-11,2.0,2.231
2026-02-16,2.0,2.199
2026-02-17,2.0,2.196
2026-02-18,2.0,2.187
2026-02-23,2.0,2.186
2026-02-24,2.0,2.192
2026-02-25,2.0,2.196
2026-03-02,2.0,2.189
2026-03-03,2.0,2.189
2026-03-04,2.0,2.152
2026-03-09,2.0,2.275
2026-03-10,2.0,2.388
2026-03-11,2.0,2.47
2026-03-16,2.0,2.542
2026-03-17,2.0,2.6
2026-03-18,2.0,2.656
2026-03-23,2.0,2.695
2026-03-24,2.0,2.77
2026-03-25,2.0,2.892
2026-03-30,2.0,2.84
2026-03-31,2.0,2.948
2024-01-02,3.0,2.511
2024-01-03,3.0,2.545
2024-01-04,3.0,2.546
2024-01-05,3.0,2.546
2024-01-08,3.0,2.545
2024-01-09,3.0,2.654
2024-01-10,3.0,2.7
2024-01-15,3.0,2.765
2024-01-16,3.0,2.747
2024-01-17,3.0,2.644
2024-01-18,3.0,2.644
2024-01-19,3.0,2.652
2024-01-22,3.0,2.783
2024-01-23,3.0,2.794
2024-01-24,3.0,2.843
2024-01-25,3.0,2.836
2024-01-26,3.0,2.821
2024-01-29,3.0,2.811
2024-01-30,3.0,2.734
2024-01-31,3.0,2.74
2024-02-01,3.0,2.74
2024-02-02,3.0,2.726
2024-02-05,3.0,2.644
2024-02-06,3.0,2.655
2024-02-07,3.0,2.751
2024-02-08,3.0,2.745
2024-02-09,3.0,2.733
2024-02-12,3.0,2.82
2024-02-13,3.0,2.854
2024-02-14,3.0,2.899
2024-02-15,3.0,2.885
2024-02-16,3.0,2.885
2024-02-19,3.0,2.878
2024-02-20,3.0,2.906
2024-02-21,3.0,2.958
2024-02-22,3.0,2.943
2024-02-23,3.0,2.943
2024-02-26,3.0,2.982
2024-02-27,3.0,3.015
2024-02-28,3.0,2.953
2024-02-29,3.0,2.941
2024-03-01,3.0,2.941
2024-03-04,3.0,3.021
2024-03-05,3.0,2.999
2024-03-06,3.0,2.977
2024-03-07,3.0,2.977
2024-03-08,3.0,2.969
2024-03-11,3.0,2.92
2024-03-12,3.0,2.898
2024-03-13,3.0,2.831
2024-03-14,3.0,2.816
2024-03-15,3.0,2.802
2024-03-18,3.0,2.916
2024-03-19,3.0,2.976
2024-03-20,3.0,2.989
2024-03-21,3.0,2.982
2024-03-22,3.0,2.982
2024-03-25,3.0,2.996
2024-03-26,3.0,2.952
2024-03-27,3.0,2.898
2024-04-02,3.0,2.896
2024-04-03,3.0,2.889
2024-04-08,3.0,2.925
2024-04-09,3.0,2.92
2024-04-10,3.0,2.943
2024-04-15,3.0,3.032
2024-04-16,3.0,3.058
2024-04-17,3.0,2.965
2024-04-22,3.0,3.057
2024-04-23,3.0,3.099
2024-04-24,3.0,3.108
2024-04-29,3.0,3.145
2024-04-30,3.0,3.18
2024-05-06,3.0,3.18
2024-05-07,3.0,3.116
2024-05-08,3.0,3.068
2024-05-13,3.0,3.065
2024-05-14,3.0,3.056
2024-05-15,3.0,3.1
2024-05-20,3.0,3.007
2024-05-21,3.0,3.047
2024-05-22,3.0,3.106
2024-05-27,3.0,3.125
2024-05-28,3.0,3.186
2024-05-29,3.0,3.19
2024-06-03,3.0,3.225
2024-06-04,3.0,3.187
2024-06-05,3.0,3.218
2024-06-10,3.0,3.067
2024-06-11,3.0,3.093
2024-06-12,3.0,3.185
2024-06-17,3.0,3.08
2024-06-18,3.0,3.036
2024-06-19,3.0,2.979
2024-06-24,3.0,2.996
2024-06-25,3.0,3.006
2024-06-26,3.0,2.977
2024-07-01,3.0,3.019
2024-07-02,3.0,3.006
2024-07-03,3.0,3.038
2024-07-08,3.0,3.039
2024-07-09,3.0,3.065
2024-07-10,3.0,3.008
2024-07-15,3.0,2.996
2024-07-16,3.0,2.908
2024-07-17,3.0,2.935
2024-07-22,3.0,2.859
2024-07-23,3.0,2.845
2024-07-24,3.0,2.876
2024-07-29,3.0,2.828
2024-07-30,3.0,2.816
2024-07-31,3.0,2.785
2024-08-05,3.0,2.687
2024-08-06,3.0,2.62
2024-08-07,3.0,2.567
2024-08-12,3.0,2.597
2024-08-13,3.0,2.589
2024-08-14,3.0,2.567
2024-08-19,3.0,2.508
2024-08-20,3.0,2.597
2024-08-21,3.0,2.585
2024-08-26,3.0,2.498
2024-08-27,3.0,2.559
2024-08-28,3.0,2.526
2024-09-02,3.0,2.535
2024-09-03,3.0,2.518
2024-09-04,3.0,2.547
2024-09-09,3.0,2.469
2024-09-10,3.0,2.446
2024-09-11,3.0,2.41
2024-09-16,3.0,2.3
2024-09-17,3.0,2.367
2024-09-18,3.0,2.336
2024-09-23,3.0,2.388
2024-09-24,3.0,2.358
2024-09-25,3.0,2.34
2024-09-30,3.0,2.267
2024-10-01,3.0,2.276
2024-10-02,3.0,2.226
2024-10-07,3.0,2.196
2024-10-08,3.0,2.239
2024-10-09,3.0,2.355
2024-10-14,3.0,2.415
2024-10-15,3.0,2.369
2024-10-16,3.0,2.358
2024-10-21,3.0,2.279
2024-10-22,3.0,2.25
2024-10-23,3.0,2.218
2024-10-28,3.0,2.267
2024-10-29,3.0,2.235
2024-10-30,3.0,2.256
2024-11-04,3.0,2.357
2024-11-05,3.0,2.356
2024-11-06,3.0,2.367
2024-11-11,3.0,2.279
2024-11-12,3.0,2.288
2024-11-13,3.0,2.25
2024-11-18,3.0,2.245
2024-11-19,3.0,2.168
2024-11-20,3.0,2.178
2024-11-25,3.0,2.246
2024-11-26,3.0,2.235
2024-11-27,3.0,2.137
2024-12-02,3.0,2.149
2024-12-03,3.0,2.116
2024-12-04,3.0,2.058
2024-12-09,3.0,2.027
2024-12-10,3.0,2.08
2024-12-11,3.0,2.068
2024-12-16,3.0,2.045
2024-12-17,3.0,2.11
2024-12-18,3.0,2.168
2024-12-23,3.0,2.147
2024-12-24,3.0,2.202
2024-12-30,3.0,2.186
2024-12-31,3.0,2.186
2025-01-06,3.0,2.192
2025-01-07,3.0,2.216
2025-01-08,3.0,2.258
2025-01-13,3.0,2.329
2025-01-14,3.0,2.357
2025-01-15,3.0,2.406
2025-01-20,3.0,2.36
2025-01-21,3.0,2.348
2025-01-22,3.0,2.337
2025-01-27,3.0,2.349
2025-01-28,3.0,2.367
2025-01-29,3.0,2.405
2025-02-03,3.0,2.408
2025-02-04,3.0,2.347
2025-02-05,3.0,2.259
2025-02-10,3.0,2.18
2025-02-11,3.0,2.188
2025-02-12,3.0,2.168
2025-02-17,3.0,2.276
2025-02-18,3.0,2.236
2025-02-19,3.0,2.267
2025-02-24,3.0,2.309
2025-02-25,3.0,2.286
2025-02-26,3.0,2.247
2025-03-03,3.0,2.189
2025-03-04,3.0,2.158
2025-03-05,3.0,2.136
2025-03-10,3.0,2.395
2025-03-11,3.0,2.395
2025-03-12,3.0,2.398
2025-03-17,3.0,2.387
2025-03-18,3.0,2.349
2025-03-19,3.0,2.377
2025-03-24,3.0,2.368
2025-03-25,3.0,2.349
2025-03-26,3.0,2.311
2025-03-31,3.0,2.295
2025-04-01,3.0,2.279
2025-04-02,3.0,2.236
2025-04-07,3.0,2.238
2025-04-08,3.0,2.15
2025-04-09,3.0,2.083
2025-04-14,3.0,2.082
2025-04-15,3.0,2.06
2025-04-16,3.0,2.13
2025-04-22,3.0,1.972
2025-04-23,3.0,1.979
2025-04-28,3.0,1.993
2025-04-29,3.0,1.953
2025-04-30,3.0,1.97
2025-05-05,3.0,1.95
2025-05-06,3.0,1.61
2025-05-07,3.0,2.019
2025-05-12,3.0,1.971
2025-05-13,3.0,2.018
2025-05-14,3.0,2.025
2025-05-19,3.0,2.17
2025-05-20,3.0,2.113
2025-05-21,3.0,2.079
2025-05-26,3.0,2.107
2025-05-27,3.0,2.085
2025-05-28,3.0,2.045
2025-06-02,3.0,2.028
2025-06-03,3.0,2.011
2025-06-04,3.0,2.01
2025-06-09,3.0,2.018
2025-06-10,3.0,2.086
2025-06-11,3.0,2.102
2025-06-16,3.0,2.06
2025-06-17,3.0,2.034
2025-06-18,3.0,2.083
2025-06-23,3.0,2.056
2025-06-24,3.0,2.068
2025-06-25,3.0,2.069
2025-06-30,3.0,2.059
2025-07-01,3.0,2.049
2025-07-02,3.0,2.082
2025-07-07,3.0,2.096
2025-07-08,3.0,2.07
2025-07-09,3.0,2.067
2025-07-14,3.0,2.091
2025-07-15,3.0,2.125
2025-07-16,3.0,2.145
2025-07-22,3.0,2.099
2025-07-23,3.0,2.097
2025-07-28,3.0,2.09
2025-07-29,3.0,2.153
2025-07-30,3.0,2.177
2025-08-04,3.0,2.183
2025-08-05,3.0,2.194
2025-08-06,3.0,2.161
2025-08-11,3.0,2.143
2025-08-12,3.0,2.146
2025-08-13,3.0,2.175
2025-08-18,3.0,2.153
2025-08-19,3.0,2.172
2025-08-20,3.0,2.205
2025-08-25,3.0,2.158
2025-08-26,3.0,2.192
2025-08-27,3.0,2.162
2025-09-01,3.0,2.134
2025-09-02,3.0,2.144
2025-09-03,3.0,2.142
2025-09-08,3.0,2.165
2025-09-09,3.0,2.167
2025-09-10,3.0,2.141
2025-09-15,3.0,2.154
2025-09-16,3.0,2.18
2025-09-17,3.0,2.214
2025-09-22,3.0,2.216
2025-09-23,3.0,2.219
2025-09-24,3.0,2.236
2025-09-29,3.0,2.239
2025-09-30,3.0,2.266
2025-10-01,3.0,2.251
2025-10-06,3.0,2.223
2025-10-07,3.0,2.218
2025-10-08,3.0,2.231
2025-10-13,3.0,2.207
2025-10-14,3.0,2.218
2025-10-15,3.0,2.184
2025-10-20,3.0,2.135
2025-10-21,3.0,2.111
2025-10-22,3.0,2.13
2025-10-27,3.0,2.13
2025-10-28,3.0,2.145
2025-10-29,3.0,2.185
2025-11-03,3.0,2.213
2025-11-04,3.0,2.206
2025-11-05,3.0,2.198
2025-11-10,3.0,2.222
2025-11-11,3.0,2.222
2025-11-12,3.0,2.214
2025-11-17,3.0,2.225
2025-11-18,3.0,2.255
2025-11-19,3.0,2.275
2025-11-24,3.0,2.268
2025-11-25,3.0,2.258
2025-11-26,3.0,2.239
2025-12-01,3.0,2.233
2025-12-02,3.0,2.242
2025-12-03,3.0,2.25
2025-12-08,3.0,2.269
2025-12-09,3.0,2.288
2025-12-10,3.0,2.331
2025-12-15,3.0,2.396
2025-12-16,3.0,2.405
2025-12-17,3.0,2.406
2025-12-22,3.0,2.395
2025-12-23,3.0,2.388
2025-12-24,3.0,2.416
2025-12-29,3.0,2.396
2025-12-30,3.0,2.396
2025-12-31,3.0,2.4
2026-01-05,3.0,2.38
2026-01-06,3.0,2.38
2026-01-07,3.0,2.395
2026-01-12,3.0,2.324
2026-01-13,3.0,2.342
2026-01-14,3.0,2.363
2026-01-19,3.0,2.337
2026-01-20,3.0,2.349
2026-01-21,3.0,2.371
2026-01-26,3.0,2.375
2026-01-27,3.0,2.38
2026-01-28,3.0,2.402
2026-02-02,3.0,2.335
2026-02-03,3.0,2.319
2026-02-04,3.0,2.323
2026-02-09,3.0,2.343
2026-02-10,3.0,2.331
2026-02-11,3.0,2.327
2026-02-16,3.0,2.291
2026-02-17,3.0,2.274
2026-02-18,3.0,2.269
2026-02-23,3.0,2.266
2026-02-24,3.0,2.271
2026-02-25,3.0,2.274
2026-03-02,3.0,2.258
2026-03-03,3.0,2.25
2026-03-04,3.0,2.208
2026-03-09,3.0,2.353
2026-03-10,3.0,2.453
2026-03-11,3.0,2.542
2026-03-16,3.0,2.627
2026-03-17,3.0,2.651
2026-03-18,3.0,2.694
2026-03-23,3.0,2.734
2026-03-24,3.0,2.731
2026-03-25,3.0,2.883
2026-03-30,3.0,2.846
2026-03-31,3.0,2.934
2024-01-02,5.0,2.377
2024-01-03,5.0,2.428
2024-01-04,5.0,2.426
2024-01-05,5.0,2.434
2024-01-08,5.0,2.409
2024-01-09,5.0,2.521
2024-01-10,5.0,2.566
2024-01-15,5.0,2.626
2024-01-16,5.0,2.609
2024-01-17,5.0,2.528
2024-01-18,5.0,2.528
2024-01-19,5.0,2.534
2024-01-22,5.0,2.657
2024-01-23,5.0,2.68
2024-01-24,5.0,2.71
2024-01-25,5.0,2.7
2024-01-26,5.0,2.682
2024-01-29,5.0,2.691
2024-01-30,5.0,2.62
2024-01-31,5.0,2.626
2024-02-01,5.0,2.626
2024-02-02,5.0,2.624
2024-02-05,5.0,2.512
2024-02-06,5.0,2.515
2024-02-07,5.0,2.611
2024-02-08,5.0,2.604
2024-02-09,5.0,2.595
2024-02-12,5.0,2.683
2024-02-13,5.0,2.715
2024-02-14,5.0,2.757
2024-02-15,5.0,2.757
2024-02-16,5.0,2.752
2024-02-19,5.0,2.71
2024-02-20,5.0,2.74
2024-02-21,5.0,2.787
2024-02-22,5.0,2.76
2024-02-23,5.0,2.774
2024-02-26,5.0,2.819
2024-02-27,5.0,2.826
2024-02-28,5.0,2.757
2024-02-29,5.0,2.743
2024-03-01,5.0,2.761
2024-03-04,5.0,2.834
2024-03-05,5.0,2.795
2024-03-06,5.0,2.78
2024-03-07,5.0,2.78
2024-03-08,5.0,2.78
2024-03-11,5.0,2.705
2024-03-12,5.0,2.682
2024-03-13,5.0,2.611
2024-03-14,5.0,2.608
2024-03-15,5.0,2.595
2024-03-18,5.0,2.695
2024-03-19,5.0,2.77
2024-03-20,5.0,2.78
2024-03-21,5.0,2.781
2024-03-22,5.0,2.78
2024-03-25,5.0,2.783
2024-03-26,5.0,2.749
2024-03-27,5.0,2.684
2024-04-02,5.0,2.669
2024-04-03,5.0,2.659
2024-04-08,5.0,2.721
2024-04-09,5.0,2.705
2024-04-10,5.0,2.739
2024-04-15,5.0,2.803
2024-04-16,5.0,2.841
2024-04-17,5.0,2.749
2024-04-22,5.0,2.846
2024-04-23,5.0,2.888
2024-04-24,5.0,2.896
2024-04-29,5.0,2.954
2024-04-30,5.0,2.991
2024-05-06,5.0,2.96
2024-05-07,5.0,2.919
2024-05-08,5.0,2.859
2024-05-13,5.0,2.843
2024-05-14,5.0,2.86
2024-05-15,5.0,2.889
2024-05-20,5.0,2.786
2024-05-21,5.0,2.831
2024-05-22,5.0,2.886
2024-05-27,5.0,2.905
2024-05-28,5.0,2.957
2024-05-29,5.0,2.955
2024-06-03,5.0,3.024
2024-06-04,5.0,2.982
2024-06-05,5.0,3.009
2024-06-10,5.0,2.855
2024-06-11,5.0,2.891
2024-06-12,5.0,2.973
2024-06-17,5.0,2.882
2024-06-18,5.0,2.848
2024-06-19,5.0,2.791
2024-06-24,5.0,2.812
2024-06-25,5.0,2.826
2024-06-26,5.0,2.8
2024-07-01,5.0,2.847
2024-07-02,5.0,2.844
2024-07-03,5.0,2.874
2024-07-08,5.0,2.873
2024-07-09,5.0,2.903
2024-07-10,5.0,2.852
2024-07-15,5.0,2.834
2024-07-16,5.0,2.761
2024-07-17,5.0,2.787
2024-07-22,5.0,2.714
2024-07-23,5.0,2.713
2024-07-24,5.0,2.742
2024-07-29,5.0,2.712
2024-07-30,5.0,2.695
2024-07-31,5.0,2.669
2024-08-05,5.0,2.57
2024-08-06,5.0,2.513
2024-08-07,5.0,2.456
2024-08-12,5.0,2.513
2024-08-13,5.0,2.515
2024-08-14,5.0,2.479
2024-08-19,5.0,2.417
2024-08-20,5.0,2.5
2024-08-21,5.0,2.485
2024-08-26,5.0,2.405
2024-08-27,5.0,2.475
2024-08-28,5.0,2.443
2024-09-02,5.0,2.46
2024-09-03,5.0,2.458
2024-09-04,5.0,2.489
2024-09-09,5.0,2.405
2024-09-10,5.0,2.386
2024-09-11,5.0,2.371
2024-09-16,5.0,2.275
2024-09-17,5.0,2.331
2024-09-18,5.0,2.299
2024-09-23,5.0,2.356
2024-09-24,5.0,2.34
2024-09-25,5.0,2.327
2024-09-30,5.0,2.273
2024-10-01,5.0,2.281
2024-10-02,5.0,2.224
2024-10-07,5.0,2.201
2024-10-08,5.0,2.25
2024-10-09,5.0,2.345
2024-10-14,5.0,2.402
2024-10-15,5.0,2.37
2024-10-16,5.0,2.361
2024-10-21,5.0,2.272
2024-10-22,5.0,2.259
2024-10-23,5.0,2.227
2024-10-28,5.0,2.302
2024-10-29,5.0,2.259
2024-10-30,5.0,2.282
2024-11-04,5.0,2.381
2024-11-05,5.0,2.355
2024-11-06,5.0,2.348
2024-11-11,5.0,2.293
2024-11-12,5.0,2.306
2024-11-13,5.0,2.269
2024-11-18,5.0,2.286
2024-11-19,5.0,2.193
2024-11-20,5.0,2.2
2024-11-25,5.0,2.262
2024-11-26,5.0,2.245
2024-11-27,5.0,2.175
2024-12-02,5.0,2.151
2024-12-03,5.0,2.118
2024-12-04,5.0,2.062
2024-12-09,5.0,2.022
2024-12-10,5.0,2.067
2024-12-11,5.0,2.057
2024-12-16,5.0,2.057
2024-12-17,5.0,2.131
2024-12-18,5.0,2.183
2024-12-23,5.0,2.165
2024-12-24,5.0,2.218
2024-12-30,5.0,2.225
2024-12-31,5.0,2.225
2025-01-06,5.0,2.239
2025-01-07,5.0,2.26
2025-01-08,5.0,2.299
2025-01-13,5.0,2.391
2025-01-14,5.0,2.415
2025-01-15,5.0,2.46
2025-01-20,5.0,2.401
2025-01-21,5.0,2.387
2025-01-22,5.0,2.379
2025-01-27,5.0,2.388
2025-01-28,5.0,2.4
2025-01-29,5.0,2.429
2025-02-03,5.0,2.442
2025-02-04,5.0,2.382
2025-02-05,5.0,2.298
2025-02-10,5.0,2.213
2025-02-11,5.0,2.221
2025-02-12,5.0,2.197
2025-02-17,5.0,2.319
2025-02-18,5.0,2.276
2025-02-19,5.0,2.308
2025-02-24,5.0,2.362
2025-02-25,5.0,2.342
2025-02-26,5.0,2.296
2025-03-03,5.0,2.239
2025-03-04,5.0,2.217
2025-03-05,5.0,2.191
2025-03-10,5.0,2.474
2025-03-11,5.0,2.49
2025-03-12,5.0,2.521
2025-03-17,5.0,2.518
2025-03-18,5.0,2.484
2025-03-19,5.0,2.514
2025-03-24,5.0,2.478
2025-03-25,5.0,2.463
2025-03-26,5.0,2.432
2025-03-31,5.0,2.438
2025-04-01,5.0,2.426
2025-04-02,5.0,2.383
2025-04-07,5.0,2.383
2025-04-08,5.0,2.292
2025-04-09,5.0,2.222
2025-04-14,5.0,2.267
2025-04-15,5.0,2.228
2025-04-16,5.0,2.291
2025-04-22,5.0,2.159
2025-04-23,5.0,2.171
2025-04-28,5.0,2.166
2025-04-29,5.0,2.123
2025-04-30,5.0,2.136
2025-05-05,5.0,2.109
2025-05-06,5.0,2.111
2025-05-07,5.0,2.195
2025-05-12,5.0,2.131
2025-05-13,5.0,2.208
2025-05-14,5.0,2.192
2025-05-19,5.0,2.345
2025-05-20,5.0,2.264
2025-05-21,5.0,2.235
2025-05-26,5.0,2.289
2025-05-27,5.0,2.271
2025-05-28,5.0,2.225
2025-06-02,5.0,2.2
2025-06-03,5.0,2.177
2025-06-04,5.0,2.17
2025-06-09,5.0,2.192
2025-06-10,5.0,2.261
2025-06-11,5.0,2.269
2025-06-16,5.0,2.227
2025-06-17,5.0,2.2
2025-06-18,5.0,2.246
2025-06-23,5.0,2.219
2025-06-24,5.0,2.238
2025-06-25,5.0,2.222
2025-06-30,5.0,2.235
2025-07-01,5.0,2.231
2025-07-02,5.0,2.256
2025-07-07,5.0,2.28
2025-07-08,5.0,2.248
2025-07-09,5.0,2.237
2025-07-14,5.0,2.28
2025-07-15,5.0,2.31
2025-07-16,5.0,2.33
2025-07-22,5.0,2.299
2025-07-23,5.0,2.295
2025-07-28,5.0,2.287
2025-07-29,5.0,2.342
2025-07-30,5.0,2.361
2025-08-04,5.0,2.36
2025-08-05,5.0,2.366
2025-08-06,5.0,2.333
2025-08-11,5.0,2.311
2025-08-12,5.0,2.299
2025-08-13,5.0,2.345
2025-08-18,5.0,2.316
2025-08-19,5.0,2.344
2025-08-20,5.0,2.39
2025-08-25,5.0,2.328
2025-08-26,5.0,2.369
2025-08-27,5.0,2.332
2025-09-01,5.0,2.302
2025-09-02,5.0,2.31
2025-09-03,5.0,2.31
2025-09-08,5.0,2.333
2025-09-09,5.0,2.329
2025-09-10,5.0,2.297
2025-09-15,5.0,2.295
2025-09-16,5.0,2.316
2025-09-17,5.0,2.356
2025-09-22,5.0,2.354
2025-09-23,5.0,2.375
2025-09-24,5.0,2.384
2025-09-29,5.0,2.395
2025-09-30,5.0,2.432
2025-10-01,5.0,2.413
2025-10-06,5.0,2.373
2025-10-07,5.0,2.362
2025-10-08,5.0,2.383
2025-10-13,5.0,2.355
2025-10-14,5.0,2.375
2025-10-15,5.0,2.334
2025-10-20,5.0,2.275
2025-10-21,5.0,2.235
2025-10-22,5.0,2.272
2025-10-27,5.0,2.268
2025-10-28,5.0,2.289
2025-10-29,5.0,2.322
2025-11-03,5.0,2.333
2025-11-04,5.0,2.348
2025-11-05,5.0,2.334
2025-11-10,5.0,2.371
2025-11-11,5.0,2.369
2025-11-12,5.0,2.368
2025-11-17,5.0,2.37
2025-11-18,5.0,2.408
2025-11-19,5.0,2.435
2025-11-24,5.0,2.435
2025-11-25,5.0,2.425
2025-11-26,5.0,2.415
2025-12-01,5.0,2.391
2025-12-02,5.0,2.4
2025-12-03,5.0,2.413
2025-12-08,5.0,2.439
2025-12-09,5.0,2.466
2025-12-10,5.0,2.51
2025-12-15,5.0,2.589
2025-12-16,5.0,2.575
2025-12-17,5.0,2.584
2025-12-22,5.0,2.587
2025-12-23,5.0,2.574
2025-12-24,5.0,2.61
2025-12-29,5.0,2.595
2025-12-30,5.0,2.595
2025-12-31,5.0,2.595
2026-01-05,5.0,2.569
2026-01-06,5.0,2.569
2026-01-07,5.0,2.598
2026-01-12,5.0,2.51
2026-01-13,5.0,2.525
2026-01-14,5.0,2.551
2026-01-19,5.0,2.502
2026-01-20,5.0,2.517
2026-01-21,5.0,2.542
2026-01-26,5.0,2.555
2026-01-27,5.0,2.564
2026-01-28,5.0,2.589
2026-02-02,5.0,2.53
2026-02-03,5.0,2.506
2026-02-04,5.0,2.509
2026-02-09,5.0,2.519
2026-02-10,5.0,2.513
2026-02-11,5.0,2.505
2026-02-16,5.0,2.466
2026-02-17,5.0,2.45
2026-02-18,5.0,2.434
2026-02-23,5.0,2.422
2026-02-24,5.0,2.433
2026-02-25,5.0,2.43
2026-03-02,5.0,2.4
2026-03-03,5.0,2.395
2026-03-04,5.0,2.343
2026-03-09,5.0,2.479
2026-03-10,5.0,2.59
2026-03-11,5.0,2.644
2026-03-16,5.0,2.71
2026-03-17,5.0,2.738
2026-03-18,5.0,2.781
2026-03-23,5.0,2.744
2026-03-24,5.0,2.848
2026-03-25,5.0,2.911
2026-03-30,5.0,2.862
2026-03-31,5.0,2.983
2024-01-02,7.0,2.372
2024-01-03,7.0,2.433
2024-01-04,7.0,2.431
2024-01-05,7.0,2.44
2024-01-08,7.0,2.411
2024-01-09,7.0,2.514
2024-01-10,7.0,2.58
2024-01-15,7.0,2.614
2024-01-16,7.0,2.599
2024-01-17,7.0,2.531
2024-01-18,7.0,2.531
2024-01-19,7.0,2.52
2024-01-22,7.0,2.645
2024-01-23,7.0,2.678
2024-01-24,7.0,2.69
2024-01-25,7.0,2.682
2024-01-26,7.0,2.672
2024-01-29,7.0,2.684
2024-01-30,7.0,2.621
2024-01-31,7.0,2.626
2024-02-01,7.0,2.626
2024-02-02,7.0,2.626
2024-02-05,7.0,2.513
2024-02-06,7.0,2.505
2024-02-07,7.0,2.593
2024-02-08,7.0,2.586
2024-02-09,7.0,2.582
2024-02-12,7.0,2.665
2024-02-13,7.0,2.696
2024-02-14,7.0,2.728
2024-02-15,7.0,2.728
2024-02-16,7.0,2.723
2024-02-19,7.0,2.675
2024-02-20,7.0,2.692
2024-02-21,7.0,2.741
2024-02-22,7.0,2.731
2024-02-23,7.0,2.731
2024-02-26,7.0,2.776
2024-02-27,7.0,2.77
2024-02-28,7.0,2.698
2024-02-29,7.0,2.685
2024-03-01,7.0,2.7
2024-03-04,7.0,2.778
2024-03-05,7.0,2.731
2024-03-06,7.0,2.718
2024-03-07,7.0,2.718
2024-03-08,7.0,2.717
2024-03-11,7.0,2.631
2024-03-12,7.0,2.611
2024-03-13,7.0,2.553
2024-03-14,7.0,2.549
2024-03-15,7.0,2.558
2024-03-18,7.0,2.626
2024-03-19,7.0,2.701
2024-03-20,7.0,2.71
2024-03-21,7.0,2.703
2024-03-22,7.0,2.71
2024-03-25,7.0,2.713
2024-03-26,7.0,2.687
2024-03-27,7.0,2.62
2024-04-02,7.0,2.594
2024-04-03,7.0,2.587
2024-04-08,7.0,2.665
2024-04-09,7.0,2.641
2024-04-10,7.0,2.679
2024-04-15,7.0,2.724
2024-04-16,7.0,2.764
2024-04-17,7.0,2.679
2024-04-22,7.0,2.774
2024-04-23,7.0,2.815
2024-04-24,7.0,2.818
2024-04-29,7.0,2.893
2024-04-30,7.0,2.927
2024-05-06,7.0,2.879
2024-05-07,7.0,2.839
2024-05-08,7.0,2.786
2024-05-13,7.0,2.761
2024-05-14,7.0,2.785
2024-05-15,7.0,2.812
2024-05-20,7.0,2.708
2024-05-21,7.0,2.751
2024-05-22,7.0,2.804
2024-05-27,7.0,2.82
2024-05-28,7.0,2.856
2024-05-29,7.0,2.858
2024-06-03,7.0,2.947
2024-06-04,7.0,2.904
2024-06-05,7.0,2.925
2024-06-10,7.0,2.775
2024-06-11,7.0,2.809
2024-06-12,7.0,2.888
2024-06-17,7.0,2.809
2024-06-18,7.0,2.787
2024-06-19,7.0,2.724
2024-06-24,7.0,2.748
2024-06-25,7.0,2.763
2024-06-26,7.0,2.747
2024-07-01,7.0,2.794
2024-07-02,7.0,2.794
2024-07-03,7.0,2.828
2024-07-08,7.0,2.821
2024-07-09,7.0,2.851
2024-07-10,7.0,2.802
2024-07-15,7.0,2.779
2024-07-16,7.0,2.716
2024-07-17,7.0,2.745
2024-07-22,7.0,2.671
2024-07-23,7.0,2.676
2024-07-24,7.0,2.708
2024-07-29,7.0,2.69
2024-07-30,7.0,2.674
2024-07-31,7.0,2.651
2024-08-05,7.0,2.551
2024-08-06,7.0,2.499
2024-08-07,7.0,2.447
2024-08-12,7.0,2.509
2024-08-13,7.0,2.512
2024-08-14,7.0,2.473
2024-08-19,7.0,2.411
2024-08-20,7.0,2.485
2024-08-21,7.0,2.47
2024-08-26,7.0,2.398
2024-08-27,7.0,2.465
2024-08-28,7.0,2.438
2024-09-02,7.0,2.457
2024-09-03,7.0,2.463
2024-09-04,7.0,2.494
2024-09-09,7.0,2.413
2024-09-10,7.0,2.394
2024-09-11,7.0,2.386
2024-09-16,7.0,2.304
2024-09-17,7.0,2.352
2024-09-18,7.0,2.326
2024-09-23,7.0,2.378
2024-09-24,7.0,2.374
2024-09-25,7.0,2.362
2024-09-30,7.0,2.322
2024-10-01,7.0,2.329
2024-10-02,7.0,2.273
2024-10-07,7.0,2.246
2024-10-08,7.0,2.295
2024-10-09,7.0,2.374
2024-10-14,7.0,2.429
2024-10-15,7.0,2.409
2024-10-16,7.0,2.394
2024-10-21,7.0,2.307
2024-10-22,7.0,2.304
2024-10-23,7.0,2.273
2024-10-28,7.0,2.358
2024-10-29,7.0,2.312
2024-10-30,7.0,2.332
2024-11-04,7.0,2.406
2024-11-05,7.0,2.376
2024-11-06,7.0,2.374
2024-11-11,7.0,2.33
2024-11-12,7.0,2.342
2024-11-13,7.0,2.294
2024-11-18,7.0,2.315
2024-11-19,7.0,2.226
2024-11-20,7.0,2.231
2024-11-25,7.0,2.289
2024-11-26,7.0,2.278
2024-11-27,7.0,2.212
2024-12-02,7.0,2.173
2024-12-03,7.0,2.144
2024-12-04,7.0,2.093
2024-12-09,7.0,2.04
2024-12-10,7.0,2.083
2024-12-11,7.0,2.075
2024-12-16,7.0,2.088
2024-12-17,7.0,2.158
2024-12-18,7.0,2.21
2024-12-23,7.0,2.193
2024-12-24,7.0,2.254
2024-12-30,7.0,2.264
2024-12-31,7.0,2.264
2025-01-06,7.0,2.2874999999999996
2025-01-07,7.0,2.307
2025-01-08,7.0,2.363
2025-01-13,7.0,2.445
2025-01-14,7.0,2.463
2025-01-15,7.0,2.498
2025-01-20,7.0,2.442
2025-01-21,7.0,2.428
2025-01-22,7.0,2.417
2025-01-27,7.0,2.424
2025-01-28,7.0,2.429
2025-01-29,7.0,2.464
2025-02-03,7.0,2.473
2025-02-04,7.0,2.416
2025-02-05,7.0,2.338
2025-02-10,7.0,2.248
2025-02-11,7.0,2.255
2025-02-12,7.0,2.234
2025-02-17,7.0,2.354
2025-02-18,7.0,2.313
2025-02-19,7.0,2.345
2025-02-24,7.0,2.409
2025-02-25,7.0,2.39
2025-02-26,7.0,2.342
2025-03-03,7.0,2.263
2025-03-04,7.0,2.269
2025-03-05,7.0,2.248
2025-03-10,7.0,2.543
2025-03-11,7.0,2.573
2025-03-12,7.0,2.602
2025-03-17,7.0,2.614
2025-03-18,7.0,2.583
2025-03-19,7.0,2.622
2025-03-24,7.0,2.565
2025-03-25,7.0,2.555
2025-03-26,7.0,2.535
2025-03-31,7.0,2.549
2025-04-01,7.0,2.547
2025-04-02,7.0,2.505
2025-04-07,7.0,2.496
2025-04-08,7.0,2.398
2025-04-09,7.0,2.384
2025-04-14,7.0,2.429
2025-04-15,7.0,2.382
2025-04-16,7.0,2.444
2025-04-22,7.0,2.311
2025-04-23,7.0,2.322
2025-04-28,7.0,2.313
2025-04-29,7.0,2.269
2025-04-30,7.0,2.279
2025-05-05,7.0,2.254
2025-05-06,7.0,2.255
2025-05-07,7.0,2.334
2025-05-12,7.0,2.267
2025-05-13,7.0,2.345
2025-05-14,7.0,2.336
2025-05-19,7.0,2.482
2025-05-20,7.0,2.395
2025-05-21,7.0,2.37
2025-05-26,7.0,2.439
2025-05-27,7.0,2.424
2025-05-28,7.0,2.381
2025-06-02,7.0,2.35
2025-06-03,7.0,2.324
2025-06-04,7.0,2.318
2025-06-09,7.0,2.335
2025-06-10,7.0,2.402
2025-06-11,7.0,2.411
2025-06-16,7.0,2.372
2025-06-17,7.0,2.341
2025-06-18,7.0,2.387
2025-06-23,7.0,2.355
2025-06-24,7.0,2.379
2025-06-25,7.0,2.372
2025-06-30,7.0,2.385
2025-07-01,7.0,2.384
2025-07-02,7.0,2.406
2025-07-07,7.0,2.433
2025-07-08,7.0,2.397
2025-07-09,7.0,2.384
2025-07-14,7.0,2.437
2025-07-15,7.0,2.464
2025-07-16,7.0,2.485
2025-07-22,7.0,2.459
2025-07-23,7.0,2.459
2025-07-28,7.0,2.447
2025-07-29,7.0,2.492
2025-07-30,7.0,2.493
2025-08-04,7.0,2.503
2025-08-05,7.0,2.504
2025-08-06,7.0,2.481
2025-08-11,7.0,2.451
2025-08-12,7.0,2.432
2025-08-13,7.0,2.482
2025-08-18,7.0,2.458
2025-08-19,7.0,2.489
2025-08-20,7.0,2.545
2025-08-25,7.0,2.475
2025-08-26,7.0,2.518
2025-08-27,7.0,2.481
2025-09-01,7.0,2.458
2025-09-02,7.0,2.457
2025-09-03,7.0,2.464
2025-09-08,7.0,2.483
2025-09-09,7.0,2.474
2025-09-10,7.0,2.443
2025-09-15,7.0,2.43
2025-09-16,7.0,2.438
2025-09-17,7.0,2.489
2025-09-22,7.0,2.48
2025-09-23,7.0,2.503
2025-09-24,7.0,2.518
2025-09-29,7.0,2.535
2025-09-30,7.0,2.561
2025-10-01,7.0,2.548
2025-10-06,7.0,2.504
2025-10-07,7.0,2.493
2025-10-08,7.0,2.512
2025-10-13,7.0,2.492
2025-10-14,7.0,2.514
2025-10-15,7.0,2.47
2025-10-20,7.0,2.409
2025-10-21,7.0,2.373
2025-10-22,7.0,2.41
2025-10-27,7.0,2.401
2025-10-28,7.0,2.42
2025-10-29,7.0,2.453
2025-11-03,7.0,2.457
2025-11-04,7.0,2.474
2025-11-05,7.0,2.466
2025-11-10,7.0,2.508
2025-11-11,7.0,2.498
2025-11-12,7.0,2.508
2025-11-17,7.0,2.501
2025-11-18,7.0,2.543
2025-11-19,7.0,2.577
2025-11-24,7.0,2.582
2025-11-25,7.0,2.574
2025-11-26,7.0,2.562
2025-12-01,7.0,2.536
2025-12-02,7.0,2.545
2025-12-03,7.0,2.562
2025-12-08,7.0,2.587
2025-12-09,7.0,2.61
2025-12-10,7.0,2.654
2025-12-15,7.0,2.726
2025-12-16,7.0,2.714
2025-12-17,7.0,2.733
2025-12-22,7.0,2.742
2025-12-23,7.0,2.729
2025-12-24,7.0,2.767
2025-12-29,7.0,2.749
2025-12-30,7.0,2.749
2025-12-31,7.0,2.749
2026-01-05,7.0,2.732
2026-01-06,7.0,2.732
2026-01-07,7.0,2.763
2026-01-12,7.0,2.666
2026-01-13,7.0,2.682
2026-01-14,7.0,2.7
2026-01-19,7.0,2.648
2026-01-20,7.0,2.657
2026-01-21,7.0,2.68
2026-01-26,7.0,2.711
2026-01-27,7.0,2.715
2026-01-28,7.0,2.74
2026-02-02,7.0,2.687
2026-02-03,7.0,2.665
2026-02-04,7.0,2.668
2026-02-09,7.0,2.679
2026-02-10,7.0,2.667
2026-02-11,7.0,2.661
2026-02-16,7.0,2.619
2026-02-17,7.0,2.6
2026-02-18,7.0,2.583
2026-02-23,7.0,2.568
2026-02-24,7.0,2.573
2026-02-25,7.0,2.571
2026-03-02,7.0,2.538
2026-03-03,7.0,2.53
2026-03-04,7.0,2.484
2026-03-09,7.0,2.602
2026-03-10,7.0,2.707
2026-03-11,7.0,2.746
2026-03-16,7.0,2.81
2026-03-17,7.0,2.835
2026-03-18,7.0,2.876
2026-03-23,7.0,2.831
2026-03-24,7.0,2.913
2026-03-25,7.0,2.968
2026-03-30,7.0,2.917
2026-03-31,7.0,3.036
2024-01-02,10.0,2.419
2024-01-03,10.0,2.488
2024-01-04,10.0,2.487
2024-01-05,10.0,2.474
2024-01-08,10.0,2.44
2024-01-09,10.0,2.56
2024-01-10,10.0,2.599
2024-01-15,10.0,2.653
2024-01-16,10.0,2.589
2024-01-17,10.0,2.585
2024-01-18,10.0,2.575
2024-01-19,10.0,2.575
2024-01-22,10.0,2.683
2024-01-23,10.0,2.725
2024-01-24,10.0,2.698
2024-01-25,10.0,2.709
2024-01-26,10.0,2.683
2024-01-29,10.0,2.725
2024-01-30,10.0,2.671
2024-01-31,10.0,2.675
2024-02-01,10.0,2.675
2024-02-02,10.0,2.663
2024-02-05,10.0,2.567
2024-02-06,10.0,2.546
2024-02-07,10.0,2.628
2024-02-08,10.0,2.617
2024-02-09,10.0,2.61
2024-02-12,10.0,2.698
2024-02-13,10.0,2.728
2024-02-14,10.0,2.748
2024-02-15,10.0,2.735
2024-02-16,10.0,2.735
2024-02-19,10.0,2.688
2024-02-20,10.0,2.717
2024-02-21,10.0,2.747
2024-02-22,10.0,2.733
2024-02-23,10.0,2.733
2024-02-26,10.0,2.788
2024-02-27,10.0,2.768
2024-02-28,10.0,2.693
2024-02-29,10.0,2.679
2024-03-01,10.0,2.679
2024-03-04,10.0,2.779
2024-03-05,10.0,2.722
2024-03-06,10.0,2.707
2024-03-07,10.0,2.707
2024-03-08,10.0,2.702
2024-03-11,10.0,2.613
2024-03-12,10.0,2.597
2024-03-13,10.0,2.552
2024-03-14,10.0,2.547
2024-03-15,10.0,2.535
2024-03-18,10.0,2.616
2024-03-19,10.0,2.688
2024-03-20,10.0,2.696
2024-03-21,10.0,2.68
2024-03-22,10.0,2.68
2024-03-25,10.0,2.702
2024-03-26,10.0,2.685
2024-03-27,10.0,2.616
2024-04-02,10.0,2.582
2024-04-03,10.0,2.576
2024-04-08,10.0,2.671
2024-04-09,10.0,2.638
2024-04-10,10.0,2.68
2024-04-15,10.0,2.706
2024-04-16,10.0,2.747
2024-04-17,10.0,2.67
2024-04-22,10.0,2.757
2024-04-23,10.0,2.8
2024-04-24,10.0,2.797
2024-04-29,10.0,2.888
2024-04-30,10.0,2.919
2024-05-06,10.0,2.856
2024-05-07,10.0,2.817
2024-05-08,10.0,2.772
2024-05-13,10.0,2.739
2024-05-14,10.0,2.769
2024-05-15,10.0,2.796
2024-05-20,10.0,2.695
2024-05-21,10.0,2.735
2024-05-22,10.0,2.78
2024-05-27,10.0,2.79
2024-05-28,10.0,2.829
2024-05-29,10.0,2.818
2024-06-03,10.0,2.927
2024-06-04,10.0,2.878
2024-06-05,10.0,2.896
2024-06-10,10.0,2.749
2024-06-11,10.0,2.769
2024-06-12,10.0,2.856
2024-06-17,10.0,2.831
2024-06-18,10.0,2.779
2024-06-19,10.0,2.708
2024-06-24,10.0,2.736
2024-06-25,10.0,2.748
2024-06-26,10.0,2.74
2024-07-01,10.0,2.788
2024-07-02,10.0,2.795
2024-07-03,10.0,2.828
2024-07-08,10.0,2.817
2024-07-09,10.0,2.846
2024-07-10,10.0,2.798
2024-07-15,10.0,2.762
2024-07-16,10.0,2.72
2024-07-17,10.0,2.749
2024-07-22,10.0,2.677
2024-07-23,10.0,2.688
2024-07-24,10.0,2.725
2024-07-29,10.0,2.717
2024-07-30,10.0,2.699
2024-07-31,10.0,2.678
2024-08-05,10.0,2.564
2024-08-06,10.0,2.529
2024-08-07,10.0,2.487
2024-08-12,10.0,2.548
2024-08-13,10.0,2.55
2024-08-14,10.0,2.508
2024-08-19,10.0,2.446
2024-08-20,10.0,2.508
2024-08-21,10.0,2.497
2024-08-26,10.0,2.435
2024-08-27,10.0,2.497
2024-08-28,10.0,2.476
2024-09-02,10.0,2.497
2024-09-03,10.0,2.509
2024-09-04,10.0,2.538
2024-09-09,10.0,2.46
2024-09-10,10.0,2.446
2024-09-11,10.0,2.439
2024-09-16,10.0,2.368
2024-09-17,10.0,2.408
2024-09-18,10.0,2.389
2024-09-23,10.0,2.436
2024-09-24,10.0,2.446
2024-09-25,10.0,2.436
2024-09-30,10.0,2.406
2024-10-01,10.0,2.41
2024-10-02,10.0,2.357
2024-10-07,10.0,2.326
2024-10-08,10.0,2.375
2024-10-09,10.0,2.435
2024-10-14,10.0,2.487
2024-10-15,10.0,2.467
2024-10-16,10.0,2.458
2024-10-21,10.0,2.376
2024-10-22,10.0,2.38
2024-10-23,10.0,2.35
2024-10-28,10.0,2.438
2024-10-29,10.0,2.389
2024-10-30,10.0,2.407
2024-11-04,10.0,2.449
2024-11-05,10.0,2.416
2024-11-06,10.0,2.418
2024-11-11,10.0,2.429
2024-11-12,10.0,2.398
2024-11-13,10.0,2.339
2024-11-18,10.0,2.357
2024-11-19,10.0,2.276
2024-11-20,10.0,2.279
2024-11-25,10.0,2.335
2024-11-26,10.0,2.328
2024-11-27,10.0,2.268
2024-12-02,10.0,2.217
2024-12-03,10.0,2.19
2024-12-04,10.0,2.148
2024-12-09,10.0,2.08
2024-12-10,10.0,2.119
2024-12-11,10.0,2.116
2024-12-16,10.0,2.146
2024-12-17,10.0,2.208
2024-12-18,10.0,2.258
2024-12-23,10.0,2.24
2024-12-24,10.0,2.31
2024-12-30,10.0,2.318
2024-12-31,10.0,2.318
2025-01-06,10.0,2.355
2025-01-07,10.0,2.369
2025-01-08,10.0,2.398
2025-01-13,10.0,2.517
2025-01-14,10.0,2.527
2025-01-15,10.0,2.549
2025-01-20,10.0,2.499
2025-01-21,10.0,2.487
2025-01-22,10.0,2.47
2025-01-27,10.0,2.478
2025-01-28,10.0,2.486
2025-01-29,10.0,2.511
2025-02-03,10.0,2.526
2025-02-04,10.0,2.469
2025-02-05,10.0,2.399
2025-02-10,10.0,2.305
2025-02-11,10.0,2.309
2025-02-12,10.0,2.296
2025-02-17,10.0,2.407
2025-02-18,10.0,2.368
2025-02-19,10.0,2.402
2025-02-24,10.0,2.477
2025-02-25,10.0,2.457
2025-02-26,10.0,2.409
2025-03-03,10.0,2.323
2025-03-04,10.0,2.346
2025-03-05,10.0,2.291
2025-03-10,10.0,2.654
2025-03-11,10.0,2.662
2025-03-12,10.0,2.698
2025-03-17,10.0,2.719
2025-03-18,10.0,2.696
2025-03-19,10.0,2.739
2025-03-24,10.0,2.63
2025-03-25,10.0,2.666
2025-03-26,10.0,2.656
2025-03-31,10.0,2.68
2025-04-01,10.0,2.687
2025-04-02,10.0,2.646
2025-04-07,10.0,2.626
2025-04-08,10.0,2.559
2025-04-09,10.0,2.516
2025-04-14,10.0,2.68
2025-04-15,10.0,2.53
2025-04-16,10.0,2.557
2025-04-22,10.0,2.479
2025-04-23,10.0,2.488
2025-04-28,10.0,2.478
2025-04-29,10.0,2.443
2025-04-30,10.0,2.439
2025-05-05,10.0,2.423
2025-05-06,10.0,2.42
2025-05-07,10.0,2.496
2025-05-12,10.0,2.429
2025-05-13,10.0,2.489
2025-05-14,10.0,2.498
2025-05-19,10.0,2.637
2025-05-20,10.0,2.546
2025-05-21,10.0,2.526
2025-05-26,10.0,2.597
2025-05-27,10.0,2.602
2025-05-28,10.0,2.559
2025-06-02,10.0,2.526
2025-06-03,10.0,2.498
2025-06-04,10.0,2.494
2025-06-09,10.0,2.506
2025-06-10,10.0,2.568
2025-06-11,10.0,2.576
2025-06-16,10.0,2.546
2025-06-17,10.0,2.51
2025-06-18,10.0,2.554
2025-06-23,10.0,2.518
2025-06-24,10.0,2.546
2025-06-25,10.0,2.53
2025-06-30,10.0,2.559
2025-07-01,10.0,2.566
2025-07-02,10.0,2.587
2025-07-07,10.0,2.615
2025-07-08,10.0,2.576
2025-07-09,10.0,2.558
2025-07-14,10.0,2.623
2025-07-15,10.0,2.647
2025-07-16,10.0,2.674
2025-07-22,10.0,2.647
2025-07-23,10.0,2.649
2025-07-28,10.0,2.637
2025-07-29,10.0,2.672
2025-07-30,10.0,2.668
2025-08-04,10.0,2.674
2025-08-05,10.0,2.672
2025-08-06,10.0,2.662
2025-08-11,10.0,2.624
2025-08-12,10.0,2.603
2025-08-13,10.0,2.653
2025-08-18,10.0,2.64
2025-08-19,10.0,2.671
2025-08-20,10.0,2.737
2025-08-25,10.0,2.664
2025-08-26,10.0,2.703
2025-08-27,10.0,2.665
2025-09-01,10.0,2.659
2025-09-02,10.0,2.652
2025-09-03,10.0,2.659
2025-09-08,10.0,2.677
2025-09-09,10.0,2.665
2025-09-10,10.0,2.635
2025-09-15,10.0,2.613
2025-09-16,10.0,2.605
2025-09-17,10.0,2.661
2025-09-22,10.0,2.645
2025-09-23,10.0,2.684
2025-09-24,10.0,2.694
2025-09-29,10.0,2.715
2025-09-30,10.0,2.731
2025-10-01,10.0,2.716
2025-10-06,10.0,2.673
2025-10-07,10.0,2.673
2025-10-08,10.0,2.681
2025-10-13,10.0,2.663
2025-10-14,10.0,2.686
2025-10-15,10.0,2.645
2025-10-20,10.0,2.585
2025-10-21,10.0,2.552
2025-10-22,10.0,2.59
2025-10-27,10.0,2.577
2025-10-28,10.0,2.596
2025-10-29,10.0,2.627
2025-11-03,10.0,2.653
2025-11-04,10.0,2.638
2025-11-05,10.0,2.639
2025-11-10,10.0,2.677
2025-11-11,10.0,2.671
2025-11-12,10.0,2.683
2025-11-17,10.0,2.675
2025-11-18,10.0,2.726
2025-11-19,10.0,2.758
2025-11-24,10.0,2.77
2025-11-25,10.0,2.765
2025-11-26,10.0,2.739
2025-12-01,10.0,2.724
2025-12-02,10.0,2.733
2025-12-03,10.0,2.754
2025-12-08,10.0,2.776
2025-12-09,10.0,2.799
2025-12-10,10.0,2.839
2025-12-15,10.0,2.885
2025-12-16,10.0,2.892
2025-12-17,10.0,2.917
2025-12-22,10.0,2.931
2025-12-23,10.0,2.923
2025-12-24,10.0,2.964
2025-12-29,10.0,2.941
2025-12-30,10.0,2.941
2025-12-31,10.0,2.94
2026-01-05,10.0,2.927
2026-01-06,10.0,2.931
2026-01-07,10.0,2.97
2026-01-12,10.0,2.861
2026-01-13,10.0,2.883
2026-01-14,10.0,2.878
2026-01-19,10.0,2.843
2026-01-20,10.0,2.835
2026-01-21,10.0,2.857
2026-01-26,10.0,2.912
2026-01-27,10.0,2.907
2026-01-28,10.0,2.926
2026-02-02,10.0,2.879
2026-02-03,10.0,2.862
2026-02-04,10.0,2.864
2026-02-09,10.0,2.882
2026-02-10,10.0,2.853
2026-02-11,10.0,2.858
2026-02-16,10.0,2.813
2026-02-17,10.0,2.778
2026-02-18,10.0,2.771
2026-02-23,10.0,2.758
2026-02-24,10.0,2.755
2026-02-25,10.0,2.752
2026-03-02,10.0,2.728
2026-03-03,10.0,2.708
2026-03-04,10.0,2.669
2026-03-09,10.0,2.785
2026-03-10,10.0,2.855
2026-03-11,10.0,2.886
2026-03-16,10.0,2.96
2026-03-17,10.0,2.973
2026-03-18,10.0,3.015
2026-03-23,10.0,3.0
2026-03-24,10.0,2.959
2026-03-25,10.0,3.074
2026-03-30,10.0,3.027
2026-03-31,10.0,3.119
2024-01-02,12.0,2.457
2024-01-03,12.0,2.529
2024-01-04,12.0,2.527
2024-01-05,12.0,2.512
2024-01-08,12.0,2.509
2024-01-09,12.0,2.598
2024-01-10,12.0,2.635
2024-01-15,12.0,2.687
2024-01-16,12.0,2.677
2024-01-17,12.0,2.628
2024-01-18,12.0,2.616
2024-01-19,12.0,2.616
2024-01-22,12.0,2.715
2024-01-23,12.0,2.758
2024-01-24,12.0,2.748
2024-01-25,12.0,2.739
2024-01-26,12.0,2.727
2024-01-29,12.0,2.759
2024-01-30,12.0,2.71
2024-01-31,12.0,2.715
2024-02-01,12.0,2.715
2024-02-02,12.0,2.718
2024-02-05,12.0,2.61
2024-02-06,12.0,2.585
2024-02-07,12.0,2.662
2024-02-08,12.0,2.65
2024-02-09,12.0,2.629
2024-02-12,12.0,2.735
2024-02-13,12.0,2.76
2024-02-14,12.0,2.776
2024-02-15,12.0,2.776
2024-02-16,12.0,2.773
2024-02-19,12.0,2.715
2024-02-20,12.0,2.742
2024-02-21,12.0,2.767
2024-02-22,12.0,2.759
2024-02-23,12.0,2.744
2024-02-26,12.0,2.809
2024-02-27,12.0,2.784
2024-02-28,12.0,2.712
2024-02-29,12.0,2.7
2024-03-01,12.0,2.685
2024-03-04,12.0,2.794
2024-03-05,12.0,2.735
2024-03-06,12.0,2.719
2024-03-07,12.0,2.719
2024-03-08,12.0,2.722
2024-03-11,12.0,2.626
2024-03-12,12.0,2.612
2024-03-13,12.0,2.572
2024-03-14,12.0,2.567
2024-03-15,12.0,2.557
2024-03-18,12.0,2.629
2024-03-19,12.0,2.699
2024-03-20,12.0,2.707
2024-03-21,12.0,2.705
2024-03-22,12.0,2.707
2024-03-25,12.0,2.716
2024-03-26,12.0,2.701
2024-03-27,12.0,2.631
2024-04-02,12.0,2.596
2024-04-03,12.0,2.59
2024-04-08,12.0,2.691
2024-04-09,12.0,2.656
2024-04-10,12.0,2.698
2024-04-15,12.0,2.714
2024-04-16,12.0,2.754
2024-04-17,12.0,2.681
2024-04-22,12.0,2.767
2024-04-23,12.0,2.809
2024-04-24,12.0,2.804
2024-04-29,12.0,2.901
2024-04-30,12.0,2.93
2024-05-06,12.0,2.86
2024-05-07,12.0,2.821
2024-05-08,12.0,2.781
2024-05-13,12.0,2.748
2024-05-14,12.0,2.779
2024-05-15,12.0,2.806
2024-05-20,12.0,2.707
2024-05-21,12.0,2.746
2024-05-22,12.0,2.79
2024-05-27,12.0,2.799
2024-05-28,12.0,2.836
2024-05-29,12.0,2.819
2024-06-03,12.0,2.93
2024-06-04,12.0,2.887
2024-06-05,12.0,2.898
2024-06-10,12.0,2.758
2024-06-11,12.0,2.788
2024-06-12,12.0,2.859
2024-06-17,12.0,2.84
2024-06-18,12.0,2.79
2024-06-19,12.0,2.716
2024-06-24,12.0,2.746
2024-06-25,12.0,2.759
2024-06-26,12.0,2.757
2024-07-01,12.0,2.805
2024-07-02,12.0,2.808
2024-07-03,12.0,2.846
2024-07-08,12.0,2.83
2024-07-09,12.0,2.858
2024-07-10,12.0,2.816
2024-07-15,12.0,2.789
2024-07-16,12.0,2.74
2024-07-17,12.0,2.769
2024-07-22,12.0,2.698
2024-07-23,12.0,2.715
2024-07-24,12.0,2.748
2024-07-29,12.0,2.746
2024-07-30,12.0,2.728
2024-07-31,12.0,2.707
2024-08-05,12.0,2.593
2024-08-06,12.0,2.56
2024-08-07,12.0,2.519
2024-08-12,12.0,2.578
2024-08-13,12.0,2.586
2024-08-14,12.0,2.539
2024-08-19,12.0,2.477
2024-08-20,12.0,2.537
2024-08-21,12.0,2.525
2024-08-26,12.0,2.466
2024-08-27,12.0,2.527
2024-08-28,12.0,2.508
2024-09-02,12.0,2.529
2024-09-03,12.0,2.547
2024-09-04,12.0,2.576
2024-09-09,12.0,2.498
2024-09-10,12.0,2.479
2024-09-11,12.0,2.479
2024-09-16,12.0,2.415
2024-09-17,12.0,2.449
2024-09-18,12.0,2.435
2024-09-23,12.0,2.476
2024-09-24,12.0,2.489
2024-09-25,12.0,2.479
2024-09-30,12.0,2.457
2024-10-01,12.0,2.46
2024-10-02,12.0,2.408
2024-10-07,12.0,2.376
2024-10-08,12.0,2.425
2024-10-09,12.0,2.476
2024-10-14,12.0,2.527
2024-10-15,12.0,2.507
2024-10-16,12.0,2.499
2024-10-21,12.0,2.418
2024-10-22,12.0,2.429
2024-10-23,12.0,2.399
2024-10-28,12.0,2.487
2024-10-29,12.0,2.438
2024-10-30,12.0,2.45
2024-11-04,12.0,2.478
2024-11-05,12.0,2.438
2024-11-06,12.0,2.439
2024-11-11,12.0,2.459
2024-11-12,12.0,2.429
2024-11-13,12.0,2.368
2024-11-18,12.0,2.38
2024-11-19,12.0,2.306
2024-11-20,12.0,2.308
2024-11-25,12.0,2.359
2024-11-26,12.0,2.358
2024-11-27,12.0,2.302
2024-12-02,12.0,2.247
2024-12-03,12.0,2.225
2024-12-04,12.0,2.179
2024-12-09,12.0,2.116
2024-12-10,12.0,2.148
2024-12-11,12.0,2.146
2024-12-16,12.0,2.179
2024-12-17,12.0,2.239
2024-12-18,12.0,2.288
2024-12-23,12.0,2.269
2024-12-24,12.0,2.338
2024-12-30,12.0,2.348
2024-12-31,12.0,2.348
2025-01-06,12.0,2.3855
2025-01-07,12.0,2.408
2025-01-08,12.0,2.43
2025-01-13,12.0,2.555
2025-01-14,12.0,2.559
2025-01-15,12.0,2.578
2025-01-20,12.0,2.53
2025-01-21,12.0,2.519
2025-01-22,12.0,2.506
2025-01-27,12.0,2.509
2025-01-28,12.0,2.516
2025-01-29,12.0,2.538
2025-02-03,12.0,2.556
2025-02-04,12.0,2.5
2025-02-05,12.0,2.436
2025-02-10,12.0,2.336
2025-02-11,12.0,2.34
2025-02-12,12.0,2.327
2025-02-17,12.0,2.437
2025-02-18,12.0,2.405
2025-02-19,12.0,2.433
2025-02-24,12.0,2.51
2025-02-25,12.0,2.496
2025-02-26,12.0,2.448
2025-03-03,12.0,2.398
2025-03-04,12.0,2.388
2025-03-05,12.0,2.376
2025-03-10,12.0,2.7
2025-03-11,12.0,2.707
2025-03-12,12.0,2.747
2025-03-17,12.0,2.775
2025-03-18,12.0,2.749
2025-03-19,12.0,2.797
2025-03-24,12.0,2.717
2025-03-25,12.0,2.719
2025-03-26,12.0,2.712
2025-03-31,12.0,2.74
2025-04-01,12.0,2.75
2025-04-02,12.0,2.708
2025-04-07,12.0,2.686
2025-04-08,12.0,2.625
2025-04-09,12.0,2.6
2025-04-14,12.0,2.649
2025-04-15,12.0,2.616
2025-04-16,12.0,2.616
2025-04-22,12.0,2.554
2025-04-23,12.0,2.56
2025-04-28,12.0,2.55
2025-04-29,12.0,2.518
2025-04-30,12.0,2.515
2025-05-05,12.0,2.498
2025-05-06,12.0,2.497
2025-05-07,12.0,2.567
2025-05-12,12.0,2.504
2025-05-13,12.0,2.565
2025-05-14,12.0,2.569
2025-05-19,12.0,2.707
2025-05-20,12.0,2.616
2025-05-21,12.0,2.596
2025-05-26,12.0,2.677
2025-05-27,12.0,2.687
2025-05-28,12.0,2.647
2025-06-02,12.0,2.606
2025-06-03,12.0,2.58
2025-06-04,12.0,2.576
2025-06-09,12.0,2.587
2025-06-10,12.0,2.647
2025-06-11,12.0,2.65
2025-06-16,12.0,2.63
2025-06-17,12.0,2.592
2025-06-18,12.0,2.632
2025-06-23,12.0,2.598
2025-06-24,12.0,2.626
2025-06-25,12.0,2.611
2025-06-30,12.0,2.647
2025-07-01,12.0,2.656
2025-07-02,12.0,2.675
2025-07-07,12.0,2.698
2025-07-08,12.0,2.66
2025-07-09,12.0,2.646
2025-07-14,12.0,2.713
2025-07-15,12.0,2.737
2025-07-16,12.0,2.765
2025-07-22,12.0,2.739
2025-07-23,12.0,2.747
2025-07-28,12.0,2.735
2025-07-29,12.0,2.764
2025-07-30,12.0,2.758
2025-08-04,12.0,2.764
2025-08-05,12.0,2.76
2025-08-06,12.0,2.752
2025-08-11,12.0,2.715
2025-08-12,12.0,2.692
2025-08-13,12.0,2.743
2025-08-18,12.0,2.733
2025-08-19,12.0,2.763
2025-08-20,12.0,2.832
2025-08-25,12.0,2.761
2025-08-26,12.0,2.801
2025-08-27,12.0,2.763
2025-09-01,12.0,2.76
2025-09-02,12.0,2.752
2025-09-03,12.0,2.762
2025-09-08,12.0,2.781
2025-09-09,12.0,2.767
2025-09-10,12.0,2.74
2025-09-15,12.0,2.712
2025-09-16,12.0,2.699
2025-09-17,12.0,2.753
2025-09-22,12.0,2.732
2025-09-23,12.0,2.776
2025-09-24,12.0,2.786
2025-09-29,12.0,2.814
2025-09-30,12.0,2.824
2025-10-01,12.0,2.805
2025-10-06,12.0,2.766
2025-10-07,12.0,2.764
2025-10-08,12.0,2.773
2025-10-13,12.0,2.757
2025-10-14,12.0,2.779
2025-10-15,12.0,2.742
2025-10-20,12.0,2.68
2025-10-21,12.0,2.65
2025-10-22,12.0,2.687
2025-10-27,12.0,2.673
2025-10-28,12.0,2.691
2025-10-29,12.0,2.721
2025-11-03,12.0,2.714
2025-11-04,12.0,2.729
2025-11-05,12.0,2.734
2025-11-10,12.0,2.772
2025-11-11,12.0,2.77
2025-11-12,12.0,2.784
2025-11-17,12.0,2.768
2025-11-18,12.0,2.816
2025-11-19,12.0,2.856
2025-11-24,12.0,2.871
2025-11-25,12.0,2.869
2025-11-26,12.0,2.856
2025-12-01,12.0,2.829
2025-12-02,12.0,2.837
2025-12-03,12.0,2.857
2025-12-08,12.0,2.881
2025-12-09,12.0,2.903
2025-12-10,12.0,2.943
2025-12-15,12.0,2.982
2025-12-16,12.0,2.988
2025-12-17,12.0,3.017
2025-12-22,12.0,3.034
2025-12-23,12.0,3.025
2025-12-24,12.0,3.067
2025-12-29,12.0,3.038
2025-12-30,12.0,3.038
2025-12-31,12.0,3.04
2026-01-05,12.0,3.027
2026-01-06,12.0,3.027
2026-01-07,12.0,3.073
2026-01-12,12.0,2.967
2026-01-13,12.0,2.99
2026-01-14,12.0,2.981
2026-01-19,12.0,2.934
2026-01-20,12.0,2.93
2026-01-21,12.0,2.95
2026-01-26,12.0,3.004
2026-01-27,12.0,3.0
2026-01-28,12.0,3.024
2026-02-02,12.0,2.984
2026-02-03,12.0,2.966
2026-02-04,12.0,2.969
2026-02-09,12.0,2.986
2026-02-10,12.0,2.966
2026-02-11,12.0,2.965
2026-02-16,12.0,2.916
2026-02-17,12.0,2.894
2026-02-18,12.0,2.877
2026-02-23,12.0,2.861
2026-02-24,12.0,2.861
2026-02-25,12.0,2.856
2026-03-02,12.0,2.823
2026-03-03,12.0,2.811
2026-03-04,12.0,2.77
2026-03-09,12.0,2.865
2026-03-10,12.0,2.936
2026-03-11,12.0,2.959
2026-03-16,12.0,3.024
2026-03-17,12.0,3.05
2026-03-18,12.0,3.092
2026-03-23,12.0,3.039
2026-03-24,12.0,3.09
2026-03-25,12.0,3.134
2026-03-30,12.0,3.086
2026-03-31,12.0,3.195
2024-01-02,15.0,2.484
2024-01-03,15.0,2.556
2024-01-04,15.0,2.555
2024-01-05,15.0,2.538
2024-01-08,15.0,2.515
2024-01-09,15.0,2.624
2024-01-10,15.0,2.656
2024-01-15,15.0,2.708
2024-01-16,15.0,2.651
2024-01-17,15.0,2.657
2024-01-18,15.0,2.647
2024-01-19,15.0,2.647
2024-01-22,15.0,2.734
2024-01-23,15.0,2.778
2024-01-24,15.0,2.763
2024-01-25,15.0,2.757
2024-01-26,15.0,2.729
2024-01-29,15.0,2.782
2024-01-30,15.0,2.739
2024-01-31,15.0,2.744
2024-02-01,15.0,2.744
2024-02-02,15.0,2.732
2024-02-05,15.0,2.641
2024-02-06,15.0,2.614
2024-02-07,15.0,2.686
2024-02-08,15.0,2.677
2024-02-09,15.0,2.669
2024-02-12,15.0,2.758
2024-02-13,15.0,2.782
2024-02-14,15.0,2.79
2024-02-15,15.0,2.78
2024-02-16,15.0,2.78
2024-02-19,15.0,2.728
2024-02-20,15.0,2.758
2024-02-21,15.0,2.778
2024-02-22,15.0,2.764
2024-02-23,15.0,2.764
2024-02-26,15.0,2.821
2024-02-27,15.0,2.79
2024-02-28,15.0,2.72
2024-02-29,15.0,2.705
2024-03-01,15.0,2.705
2024-03-04,15.0,2.799
2024-03-05,15.0,2.737
2024-03-06,15.0,2.726
2024-03-07,15.0,2.726
2024-03-08,15.0,2.719
2024-03-11,15.0,2.633
2024-03-12,15.0,2.621
2024-03-13,15.0,2.584
2024-03-14,15.0,2.578
2024-03-15,15.0,2.567
2024-03-18,15.0,2.639
2024-03-19,15.0,2.707
2024-03-20,15.0,2.712
2024-03-21,15.0,2.696
2024-03-22,15.0,2.696
2024-03-25,15.0,2.722
2024-03-26,15.0,2.709
2024-03-27,15.0,2.64
2024-04-02,15.0,2.603
2024-04-03,15.0,2.598
2024-04-08,15.0,2.701
2024-04-09,15.0,2.666
2024-04-10,15.0,2.707
2024-04-15,15.0,2.714
2024-04-16,15.0,2.753
2024-04-17,15.0,2.685
2024-04-22,15.0,2.768
2024-04-23,15.0,2.81
2024-04-24,15.0,2.803
2024-04-29,15.0,2.907
2024-04-30,15.0,2.932
2024-05-06,15.0,2.857
2024-05-07,15.0,2.818
2024-05-08,15.0,2.782
2024-05-13,15.0,2.749
2024-05-14,15.0,2.787
2024-05-15,15.0,2.808
2024-05-20,15.0,2.715
2024-05-21,15.0,2.749
2024-05-22,15.0,2.797
2024-05-27,15.0,2.799
2024-05-28,15.0,2.829
2024-05-29,15.0,2.817
2024-06-03,15.0,2.929
2024-06-04,15.0,2.887
2024-06-05,15.0,2.897
2024-06-10,15.0,2.759
2024-06-11,15.0,2.788
2024-06-12,15.0,2.855
2024-06-17,15.0,2.805
2024-06-18,15.0,2.796
2024-06-19,15.0,2.71
2024-06-24,15.0,2.746
2024-06-25,15.0,2.76
2024-06-26,15.0,2.766
2024-07-01,15.0,2.809
2024-07-02,15.0,2.817
2024-07-03,15.0,2.855
2024-07-08,15.0,2.839
2024-07-09,15.0,2.867
2024-07-10,15.0,2.827
2024-07-15,15.0,2.798
2024-07-16,15.0,2.757
2024-07-17,15.0,2.786
2024-07-22,15.0,2.715
2024-07-23,15.0,2.729
2024-07-24,15.0,2.767
2024-07-29,15.0,2.767
2024-07-30,15.0,2.749
2024-07-31,15.0,2.728
2024-08-05,15.0,2.635
2024-08-06,15.0,2.588
2024-08-07,15.0,2.549
2024-08-12,15.0,2.605
2024-08-13,15.0,2.609
2024-08-14,15.0,2.567
2024-08-19,15.0,2.506
2024-08-20,15.0,2.558
2024-08-21,15.0,2.546
2024-08-26,15.0,2.488
2024-08-27,15.0,2.549
2024-08-28,15.0,2.536
2024-09-02,15.0,2.557
2024-09-03,15.0,2.576
2024-09-04,15.0,2.605
2024-09-09,15.0,2.527
2024-09-10,15.0,2.509
2024-09-11,15.0,2.515
2024-09-16,15.0,2.455
2024-09-17,15.0,2.489
2024-09-18,15.0,2.476
2024-09-23,15.0,2.51
2024-09-24,15.0,2.536
2024-09-25,15.0,2.526
2024-09-30,15.0,2.5
2024-10-01,15.0,2.508
2024-10-02,15.0,2.459
2024-10-07,15.0,2.419
2024-10-08,15.0,2.468
2024-10-09,15.0,2.51
2024-10-14,15.0,2.565
2024-10-15,15.0,2.546
2024-10-16,15.0,2.537
2024-10-21,15.0,2.458
2024-10-22,15.0,2.476
2024-10-23,15.0,2.447
2024-10-28,15.0,2.529
2024-10-29,15.0,2.485
2024-10-30,15.0,2.49
2024-11-04,15.0,2.5
2024-11-05,15.0,2.456
2024-11-06,15.0,2.457
2024-11-11,15.0,2.479
2024-11-12,15.0,2.45
2024-11-13,15.0,2.389
2024-11-18,15.0,2.397
2024-11-19,15.0,2.326
2024-11-20,15.0,2.327
2024-11-25,15.0,2.377
2024-11-26,15.0,2.378
2024-11-27,15.0,2.327
2024-12-02,15.0,2.267
2024-12-03,15.0,2.247
2024-12-04,15.0,2.208
2024-12-09,15.0,2.139
2024-12-10,15.0,2.169
2024-12-11,15.0,2.168
2024-12-16,15.0,2.208
2024-12-17,15.0,2.267
2024-12-18,15.0,2.309
2024-12-23,15.0,2.289
2024-12-24,15.0,2.359
2024-12-30,15.0,2.37
2024-12-31,15.0,2.37
2025-01-06,15.0,2.415
2025-01-07,15.0,2.437
2025-01-08,15.0,2.458
2025-01-13,15.0,2.579
2025-01-14,15.0,2.586
2025-01-15,15.0,2.597
2025-01-20,15.0,2.557
2025-01-21,15.0,2.547
2025-01-22,15.0,2.528
2025-01-27,15.0,2.535
2025-01-28,15.0,2.539
2025-01-29,15.0,2.556
2025-02-03,15.0,2.577
2025-02-04,15.0,2.527
2025-02-05,15.0,2.465
2025-02-10,15.0,2.358
2025-02-11,15.0,2.366
2025-02-12,15.0,2.35
2025-02-17,15.0,2.458
2025-02-18,15.0,2.428
2025-02-19,15.0,2.462
2025-02-24,15.0,2.538
2025-02-25,15.0,2.526
2025-02-26,15.0,2.479
2025-03-03,15.0,2.429
2025-03-04,15.0,2.427
2025-03-05,15.0,2.416
2025-03-10,15.0,2.736
2025-03-11,15.0,2.74
2025-03-12,15.0,2.785
2025-03-17,15.0,2.817
2025-03-18,15.0,2.797
2025-03-19,15.0,2.847
2025-03-24,15.0,2.722
2025-03-25,15.0,2.764
2025-03-26,15.0,2.76
2025-03-31,15.0,2.791
2025-04-01,15.0,2.803
2025-04-02,15.0,2.766
2025-04-07,15.0,2.737
2025-04-08,15.0,2.682
2025-04-09,15.0,2.638
2025-04-14,15.0,2.796
2025-04-15,15.0,2.646
2025-04-16,15.0,2.649
2025-04-22,15.0,2.615
2025-04-23,15.0,2.625
2025-04-28,15.0,2.608
2025-04-29,15.0,2.58
2025-04-30,15.0,2.575
2025-05-05,15.0,2.56
2025-05-06,15.0,2.558
2025-05-07,15.0,2.627
2025-05-12,15.0,2.565
2025-05-13,15.0,2.626
2025-05-14,15.0,2.635
2025-05-19,15.0,2.766
2025-05-20,15.0,2.676
2025-05-21,15.0,2.657
2025-05-26,15.0,2.749
2025-05-27,15.0,2.763
2025-05-28,15.0,2.725
2025-06-02,15.0,2.678
2025-06-03,15.0,2.654
2025-06-04,15.0,2.652
2025-06-09,15.0,2.66
2025-06-10,15.0,2.718
2025-06-11,15.0,2.727
2025-06-16,15.0,2.708
2025-06-17,15.0,2.667
2025-06-18,15.0,2.704
2025-06-23,15.0,2.675
2025-06-24,15.0,2.698
2025-06-25,15.0,2.686
2025-06-30,15.0,2.727
2025-07-01,15.0,2.74
2025-07-02,15.0,2.759
2025-07-07,15.0,2.78
2025-07-08,15.0,2.747
2025-07-09,15.0,2.726
2025-07-14,15.0,2.8
2025-07-15,15.0,2.826
2025-07-16,15.0,2.853
2025-07-22,15.0,2.83
2025-07-23,15.0,2.839
2025-07-28,15.0,2.827
2025-07-29,15.0,2.853
2025-07-30,15.0,2.878
2025-08-04,15.0,2.853
2025-08-05,15.0,2.843
2025-08-06,15.0,2.842
2025-08-11,15.0,2.81
2025-08-12,15.0,2.781
2025-08-13,15.0,2.833
2025-08-18,15.0,2.83
2025-08-19,15.0,2.861
2025-08-20,15.0,2.928
2025-08-25,15.0,2.858
2025-08-26,15.0,2.895
2025-08-27,15.0,2.862
2025-09-01,15.0,2.86
2025-09-02,15.0,2.851
2025-09-03,15.0,2.885
2025-09-08,15.0,2.886
2025-09-09,15.0,2.872
2025-09-10,15.0,2.848
2025-09-15,15.0,2.816
2025-09-16,15.0,2.798
2025-09-17,15.0,2.85
2025-09-22,15.0,2.823
2025-09-23,15.0,2.87
2025-09-24,15.0,2.883
2025-09-29,15.0,2.911
2025-09-30,15.0,2.914
2025-10-01,15.0,2.905
2025-10-06,15.0,2.864
2025-10-07,15.0,2.863
2025-10-08,15.0,2.874
2025-10-13,15.0,2.858
2025-10-14,15.0,2.872
2025-10-15,15.0,2.833
2025-10-20,15.0,2.782
2025-10-21,15.0,2.753
2025-10-22,15.0,2.792
2025-10-27,15.0,2.774
2025-10-28,15.0,2.793
2025-10-29,15.0,2.821
2025-11-03,15.0,2.841
2025-11-04,15.0,2.825
2025-11-05,15.0,2.836
2025-11-10,15.0,2.875
2025-11-11,15.0,2.868
2025-11-12,15.0,2.891
2025-11-17,15.0,2.875
2025-11-18,15.0,2.93
2025-11-19,15.0,2.963
2025-11-24,15.0,2.981
2025-11-25,15.0,2.981
2025-11-26,15.0,2.957
2025-12-01,15.0,2.942
2025-12-02,15.0,2.952
2025-12-03,15.0,2.974
2025-12-08,15.0,2.999
2025-12-09,15.0,3.018
2025-12-10,15.0,3.058
2025-12-15,15.0,3.089
2025-12-16,15.0,3.095
2025-12-17,15.0,3.125
2025-12-22,15.0,3.143
2025-12-23,15.0,3.137
2025-12-24,15.0,3.18
2025-12-29,15.0,3.154
2025-12-30,15.0,3.157
2025-12-31,15.0,3.155
2026-01-05,15.0,3.143
2026-01-06,15.0,3.149
2026-01-07,15.0,3.192
2026-01-12,15.0,3.082
2026-01-13,15.0,3.106
2026-01-14,15.0,3.094
2026-01-19,15.0,3.055
2026-01-20,15.0,3.037
2026-01-21,15.0,3.052
2026-01-26,15.0,3.125
2026-01-27,15.0,3.117
2026-01-28,15.0,3.132
2026-02-02,15.0,3.097
2026-02-03,15.0,3.083
2026-02-04,15.0,3.084
2026-02-09,15.0,3.107
2026-02-10,15.0,3.075
2026-02-11,15.0,3.082
2026-02-16,15.0,3.036
2026-02-17,15.0,3.0
2026-02-18,15.0,2.995
2026-02-23,15.0,2.978
2026-02-24,15.0,2.974
2026-02-25,15.0,2.97
2026-03-02,15.0,2.946
2026-03-03,15.0,2.923
2026-03-04,15.0,2.885
2026-03-09,15.0,2.984
2026-03-10,15.0,3.027
2026-03-11,15.0,3.039
2026-03-16,15.0,3.122
2026-03-17,15.0,3.132
2026-03-18,15.0,3.176
2026-03-23,15.0,3.157
2026-03-24,15.0,3.095
2026-03-25,15.0,3.199
2026-03-30,15.0,3.161
2026-03-31,15.0,3.244
2024-01-02,20.0,2.433
2024-01-03,20.0,2.505
2024-01-04,20.0,2.499
2024-01-05,20.0,2.513
2024-01-08,20.0,2.469
2024-01-09,20.0,2.569
2024-01-10,20.0,2.598
2024-01-15,20.0,2.645
2024-01-16,20.0,2.646
2024-01-17,20.0,2.606
2024-01-18,20.0,2.596
2024-01-19,20.0,2.596
2024-01-22,20.0,2.667
2024-01-23,20.0,2.711
2024-01-24,20.0,2.668
2024-01-25,20.0,2.654
2024-01-26,20.0,2.654
2024-01-29,20.0,2.703
2024-01-30,20.0,2.683
2024-01-31,20.0,2.691
2024-02-01,20.0,2.691
2024-02-02,20.0,2.678
2024-02-05,20.0,2.591
2024-02-06,20.0,2.559
2024-02-07,20.0,2.624
2024-02-08,20.0,2.616
2024-02-09,20.0,2.607
2024-02-12,20.0,2.698
2024-02-13,20.0,2.718
2024-02-14,20.0,2.726
2024-02-15,20.0,2.726
2024-02-16,20.0,2.716
2024-02-19,20.0,2.659
2024-02-20,20.0,2.662
2024-02-21,20.0,2.706
2024-02-22,20.0,2.697
2024-02-23,20.0,2.697
2024-02-26,20.0,2.734
2024-02-27,20.0,2.712
2024-02-28,20.0,2.644
2024-02-29,20.0,2.6105
2024-03-01,20.0,2.63
2024-03-04,20.0,2.721
2024-03-05,20.0,2.654
2024-03-06,20.0,2.64
2024-03-07,20.0,2.64
2024-03-08,20.0,2.637
2024-03-11,20.0,2.558
2024-03-12,20.0,2.549
2024-03-13,20.0,2.519
2024-03-14,20.0,2.516
2024-03-15,20.0,2.516
2024-03-18,20.0,2.57
2024-03-19,20.0,2.636
2024-03-20,20.0,2.642
2024-03-21,20.0,2.64
2024-03-22,20.0,2.6025
2024-03-25,20.0,2.651
2024-03-26,20.0,2.642
2024-03-27,20.0,2.564
2024-04-02,20.0,2.53
2024-04-03,20.0,2.528
2024-04-08,20.0,2.596
2024-04-09,20.0,2.6
2024-04-10,20.0,2.639
2024-04-15,20.0,2.634
2024-04-16,20.0,2.671
2024-04-17,20.0,2.609
2024-04-22,20.0,2.686
2024-04-23,20.0,2.703
2024-04-24,20.0,2.718
2024-04-29,20.0,2.826
2024-04-30,20.0,2.849
2024-05-06,20.0,2.769
2024-05-07,20.0,2.706
2024-05-08,20.0,2.7
2024-05-13,20.0,2.67
2024-05-14,20.0,2.71
2024-05-15,20.0,2.723
2024-05-20,20.0,2.645
2024-05-21,20.0,2.679
2024-05-22,20.0,2.726
2024-05-27,20.0,2.727
2024-05-28,20.0,2.733
2024-05-29,20.0,2.736
2024-06-03,20.0,2.849
2024-06-04,20.0,2.809
2024-06-05,20.0,2.818
2024-06-10,20.0,2.687
2024-06-11,20.0,2.709
2024-06-12,20.0,2.754
2024-06-17,20.0,2.728
2024-06-18,20.0,2.719
2024-06-19,20.0,2.625
2024-06-24,20.0,2.649
2024-06-25,20.0,2.678
2024-06-26,20.0,2.686
2024-07-01,20.0,2.73
2024-07-02,20.0,2.737
2024-07-03,20.0,2.776
2024-07-08,20.0,2.766
2024-07-09,20.0,2.788
2024-07-10,20.0,2.738
2024-07-15,20.0,2.728
2024-07-16,20.0,2.695
2024-07-17,20.0,2.718
2024-07-22,20.0,2.649
2024-07-23,20.0,2.669
2024-07-24,20.0,2.689
2024-07-29,20.0,2.709
2024-07-30,20.0,2.686
2024-07-31,20.0,2.658
2024-08-05,20.0,2.578
2024-08-06,20.0,2.537
2024-08-07,20.0,2.499
2024-08-12,20.0,2.53
2024-08-13,20.0,2.556
2024-08-14,20.0,2.509
2024-08-19,20.0,2.449
2024-08-20,20.0,2.499
2024-08-21,20.0,2.487
2024-08-26,20.0,2.437
2024-08-27,20.0,2.497
2024-08-28,20.0,2.486
2024-09-02,20.0,2.507
2024-09-03,20.0,2.527
2024-09-04,20.0,2.556
2024-09-09,20.0,2.478
2024-09-10,20.0,2.445
2024-09-11,20.0,2.467
2024-09-16,20.0,2.417
2024-09-17,20.0,2.427
2024-09-18,20.0,2.431
2024-09-23,20.0,2.476
2024-09-24,20.0,2.487
2024-09-25,20.0,2.496
2024-09-30,20.0,2.477
2024-10-01,20.0,2.485
2024-10-02,20.0,2.438
2024-10-07,20.0,2.396
2024-10-08,20.0,2.439
2024-10-09,20.0,2.455
2024-10-14,20.0,2.526
2024-10-15,20.0,2.508
2024-10-16,20.0,2.499
2024-10-21,20.0,2.427
2024-10-22,20.0,2.447
2024-10-23,20.0,2.418
2024-10-28,20.0,2.498
2024-10-29,20.0,2.449
2024-10-30,20.0,2.456
2024-11-04,20.0,2.446
2024-11-05,20.0,2.387
2024-11-06,20.0,2.389
2024-11-11,20.0,2.377
2024-11-12,20.0,2.395
2024-11-13,20.0,2.329
2024-11-18,20.0,2.327
2024-11-19,20.0,2.26
2024-11-20,20.0,2.266
2024-11-25,20.0,2.309
2024-11-26,20.0,2.317
2024-11-27,20.0,2.273
2024-12-02,20.0,2.208
2024-12-03,20.0,2.189
2024-12-04,20.0,2.156
2024-12-09,20.0,2.088
2024-12-10,20.0,2.11
2024-12-11,20.0,2.116
2024-12-16,20.0,2.165
2024-12-17,20.0,2.218
2024-12-18,20.0,2.256
2024-12-23,20.0,2.236
2024-12-24,20.0,2.292
2024-12-30,20.0,2.316
2024-12-31,20.0,2.316
2025-01-06,20.0,2.334
2025-01-07,20.0,2.386
2025-01-08,20.0,2.43
2025-01-13,20.0,2.527
2025-01-14,20.0,2.528
2025-01-15,20.0,2.536
2025-01-20,20.0,2.512
2025-01-21,20.0,2.496
2025-01-22,20.0,2.476
2025-01-27,20.0,2.477
2025-01-28,20.0,2.483
2025-01-29,20.0,2.495
2025-02-03,20.0,2.518
2025-02-04,20.0,2.475
2025-02-05,20.0,2.415
2025-02-10,20.0,2.305
2025-02-11,20.0,2.309
2025-02-12,20.0,2.3
2025-02-17,20.0,2.409
2025-02-18,20.0,2.387
2025-02-19,20.0,2.421
2025-02-24,20.0,2.499
2025-02-25,20.0,2.488
2025-02-26,20.0,2.445
2025-03-03,20.0,2.374
2025-03-04,20.0,2.396
2025-03-05,20.0,2.388
2025-03-10,20.0,2.698
2025-03-11,20.0,2.7
2025-03-12,20.0,2.776
2025-03-17,20.0,2.788
2025-03-18,20.0,2.776
2025-03-19,20.0,2.83
2025-03-24,20.0,2.73
2025-03-25,20.0,2.742
2025-03-26,20.0,2.741
2025-03-31,20.0,2.774
2025-04-01,20.0,2.789
2025-04-02,20.0,2.757
2025-04-07,20.0,2.719
2025-04-08,20.0,2.637
2025-04-09,20.0,2.626
2025-04-14,20.0,2.709
2025-04-15,20.0,2.619
2025-04-16,20.0,2.607
2025-04-22,20.0,2.604
2025-04-23,20.0,2.609
2025-04-28,20.0,2.596
2025-04-29,20.0,2.571
2025-04-30,20.0,2.559
2025-05-05,20.0,2.55
2025-05-06,20.0,2.548
2025-05-07,20.0,2.617
2025-05-12,20.0,2.558
2025-05-13,20.0,2.623
2025-05-14,20.0,2.626
2025-05-19,20.0,2.755
2025-05-20,20.0,2.669
2025-05-21,20.0,2.649
2025-05-26,20.0,2.775
2025-05-27,20.0,2.779
2025-05-28,20.0,2.738
2025-06-02,20.0,2.69
2025-06-03,20.0,2.668
2025-06-04,20.0,2.669
2025-06-09,20.0,2.678
2025-06-10,20.0,2.728
2025-06-11,20.0,2.738
2025-06-16,20.0,2.73
2025-06-17,20.0,2.685
2025-06-18,20.0,2.716
2025-06-23,20.0,2.688
2025-06-24,20.0,2.715
2025-06-25,20.0,2.704
2025-06-30,20.0,2.756
2025-07-01,20.0,2.776
2025-07-02,20.0,2.779
2025-07-07,20.0,2.809
2025-07-08,20.0,2.777
2025-07-09,20.0,2.779
2025-07-14,20.0,2.834
2025-07-15,20.0,2.858
2025-07-16,20.0,2.888
2025-07-22,20.0,2.876
2025-07-23,20.0,2.887
2025-07-28,20.0,2.876
2025-07-29,20.0,2.892
2025-07-30,20.0,2.897
2025-08-04,20.0,2.9
2025-08-05,20.0,2.883
2025-08-06,20.0,2.884
2025-08-11,20.0,2.855
2025-08-12,20.0,2.829
2025-08-13,20.0,2.883
2025-08-18,20.0,2.888
2025-08-19,20.0,2.92
2025-08-20,20.0,2.987
2025-08-25,20.0,2.917
2025-08-26,20.0,2.952
2025-08-27,20.0,2.922
2025-09-01,20.0,2.92
2025-09-02,20.0,2.911
2025-09-03,20.0,2.935
2025-09-08,20.0,2.959
2025-09-09,20.0,2.941
2025-09-10,20.0,2.923
2025-09-15,20.0,2.887
2025-09-16,20.0,2.863
2025-09-17,20.0,2.911
2025-09-22,20.0,2.878
2025-09-23,20.0,2.934
2025-09-24,20.0,2.945
2025-09-29,20.0,2.972
2025-09-30,20.0,2.971
2025-10-01,20.0,2.966
2025-10-06,20.0,2.929
2025-10-07,20.0,2.928
2025-10-08,20.0,2.934
2025-10-13,20.0,2.921
2025-10-14,20.0,2.931
2025-10-15,20.0,2.894
2025-10-20,20.0,2.843
2025-10-21,20.0,2.82
2025-10-22,20.0,2.856
2025-10-27,20.0,2.839
2025-10-28,20.0,2.859
2025-10-29,20.0,2.885
2025-11-03,20.0,2.902
2025-11-04,20.0,2.883
2025-11-05,20.0,2.904
2025-11-10,20.0,2.945
2025-11-11,20.0,2.942
2025-11-12,20.0,2.961
2025-11-17,20.0,2.952
2025-11-18,20.0,3.008
2025-11-19,20.0,3.041
2025-11-24,20.0,3.064
2025-11-25,20.0,3.071
2025-11-26,20.0,3.044
2025-12-01,20.0,3.029
2025-12-02,20.0,3.042
2025-12-03,20.0,3.061
2025-12-08,20.0,3.092
2025-12-09,20.0,3.11
2025-12-10,20.0,3.15
2025-12-15,20.0,3.166
2025-12-16,20.0,3.178
2025-12-17,20.0,3.21
2025-12-22,20.0,3.23
2025-12-23,20.0,3.228
2025-12-24,20.0,3.27
2025-12-29,20.0,3.243
2025-12-30,20.0,3.246
2025-12-31,20.0,3.246
2026-01-05,20.0,3.233
2026-01-06,20.0,3.233
2026-01-07,20.0,3.286
2026-01-12,20.0,3.176
2026-01-13,20.0,3.2
2026-01-14,20.0,3.181
2026-01-19,20.0,3.138
2026-01-20,20.0,3.118
2026-01-21,20.0,3.128
2026-01-26,20.0,3.21
2026-01-27,20.0,3.201
2026-01-28,20.0,3.214
2026-02-02,20.0,3.186
2026-02-03,20.0,3.172
2026-02-04,20.0,3.172
2026-02-09,20.0,3.199
2026-02-10,20.0,3.167
2026-02-11,20.0,3.177
2026-02-16,20.0,3.13
2026-02-17,20.0,3.097
2026-02-18,20.0,3.09
2026-02-23,20.0,3.068
2026-02-24,20.0,3.063
2026-02-25,20.0,3.06
2026-03-02,20.0,3.039
2026-03-03,20.0,3.015
2026-03-04,20.0,2.977
2026-03-09,20.0,3.061
2026-03-10,20.0,3.082
2026-03-11,20.0,3.078
2026-03-16,20.0,3.157
2026-03-17,20.0,3.166
2026-03-18,20.0,3.211
2026-03-23,20.0,3.192
2026-03-24,20.0,3.114
2026-03-25,20.0,3.205
2026-03-30,20.0,3.175
2026-03-31,20.0,3.246
2024-01-02,25.0,2.334
2024-01-03,25.0,2.418
2024-01-04,25.0,2.392
2024-01-05,25.0,2.392
2024-01-08,25.0,2.359
2024-01-09,25.0,2.479
2024-01-10,25.0,2.506
2024-01-15,25.0,2.543
2024-01-16,25.0,2.494
2024-01-17,25.0,2.518
2024-01-18,25.0,2.501
2024-01-19,25.0,2.501
2024-01-22,25.0,2.558
2024-01-23,25.0,2.598
2024-01-24,25.0,2.553
2024-01-25,25.0,2.539
2024-01-26,25.0,2.539
2024-01-29,25.0,2.585
2024-01-30,25.0,2.549
2024-01-31,25.0,2.577
2024-02-01,25.0,2.575
2024-02-02,25.0,2.577
2024-02-05,25.0,2.489
2024-02-06,25.0,2.46
2024-02-07,25.0,2.495
2024-02-08,25.0,2.502
2024-02-09,25.0,2.502
2024-02-12,25.0,2.584
2024-02-13,25.0,2.634
2024-02-14,25.0,2.61
2024-02-15,25.0,2.601
2024-02-16,25.0,2.601
2024-02-19,25.0,2.56
2024-02-20,25.0,2.554
2024-02-21,25.0,2.589
2024-02-22,25.0,2.578
2024-02-23,25.0,2.578
2024-02-26,25.0,2.621
2024-02-27,25.0,2.587
2024-02-28,25.0,2.532
2024-02-29,25.0,2.516
2024-03-01,25.0,2.516
2024-03-04,25.0,2.599
2024-03-05,25.0,2.544
2024-03-06,25.0,2.525
2024-03-07,25.0,2.519
2024-03-08,25.0,2.519
2024-03-11,25.0,2.454
2024-03-12,25.0,2.439
2024-03-13,25.0,2.42
2024-03-14,25.0,2.394
2024-03-15,25.0,2.394
2024-03-18,25.0,2.461
2024-03-19,25.0,2.516
2024-03-20,25.0,2.525
2024-03-21,25.0,2.509
2024-03-22,25.0,2.509
2024-03-25,25.0,2.534
2024-03-26,25.0,2.512
2024-03-27,25.0,2.455
2024-04-02,25.0,2.42
2024-04-03,25.0,2.42
2024-04-08,25.0,2.504
2024-04-09,25.0,2.462
2024-04-10,25.0,2.526
2024-04-15,25.0,2.512
2024-04-16,25.0,2.546
2024-04-17,25.0,2.509
2024-04-22,25.0,2.58
2024-04-23,25.0,2.593
2024-04-24,25.0,2.584
2024-04-29,25.0,2.708
2024-04-30,25.0,2.733
2024-05-06,25.0,2.639
2024-05-07,25.0,2.606
2024-05-08,25.0,2.582
2024-05-13,25.0,2.54
2024-05-14,25.0,2.565
2024-05-15,25.0,2.588
2024-05-20,25.0,2.534
2024-05-21,25.0,2.558
2024-05-22,25.0,2.6
2024-05-27,25.0,2.602
2024-05-28,25.0,2.616
2024-05-29,25.0,2.599
2024-06-03,25.0,2.715
2024-06-04,25.0,2.682
2024-06-05,25.0,2.684
2024-06-10,25.0,2.557
2024-06-11,25.0,2.582
2024-06-12,25.0,2.636
2024-06-17,25.0,2.634
2024-06-18,25.0,2.605
2024-06-19,25.0,2.494
2024-06-24,25.0,2.524
2024-06-25,25.0,2.556
2024-06-26,25.0,2.574
2024-07-01,25.0,2.604
2024-07-02,25.0,2.607
2024-07-03,25.0,2.657
2024-07-08,25.0,2.634
2024-07-09,25.0,2.655
2024-07-10,25.0,2.64
2024-07-15,25.0,2.621
2024-07-16,25.0,2.573
2024-07-17,25.0,2.604
2024-07-22,25.0,2.532
2024-07-23,25.0,2.568
2024-07-24,25.0,2.585
2024-07-29,25.0,2.626
2024-07-30,25.0,2.581
2024-07-31,25.0,2.552
2024-08-05,25.0,2.461
2024-08-06,25.0,2.439
2024-08-07,25.0,2.408
2024-08-12,25.0,2.446
2024-08-13,25.0,2.447
2024-08-14,25.0,2.395
2024-08-19,25.0,2.346
2024-08-20,25.0,2.395
2024-08-21,25.0,2.38
2024-08-26,25.0,2.334
2024-08-27,25.0,2.378
2024-08-28,25.0,2.367
2024-09-02,25.0,2.4
2024-09-03,25.0,2.42
2024-09-04,25.0,2.463
2024-09-09,25.0,2.37
2024-09-10,25.0,2.347
2024-09-11,25.0,2.368
2024-09-16,25.0,2.317
2024-09-17,25.0,2.355
2024-09-18,25.0,2.344
2024-09-23,25.0,2.409
2024-09-24,25.0,2.426
2024-09-25,25.0,2.4
2024-09-30,25.0,2.392
2024-10-01,25.0,2.395
2024-10-02,25.0,2.361
2024-10-07,25.0,2.306
2024-10-08,25.0,2.357
2024-10-09,25.0,2.365
2024-10-14,25.0,2.431
2024-10-15,25.0,2.41
2024-10-16,25.0,2.4
2024-10-21,25.0,2.348
2024-10-22,25.0,2.358
2024-10-23,25.0,2.331
2024-10-28,25.0,2.408
2024-10-29,25.0,2.378
2024-10-30,25.0,2.37
2024-11-04,25.0,2.372
2024-11-05,25.0,2.279
2024-11-06,25.0,2.302
2024-11-11,25.0,2.306
2024-11-12,25.0,2.283
2024-11-13,25.0,2.211
2024-11-18,25.0,2.195
2024-11-19,25.0,2.179
2024-11-20,25.0,2.155
2024-11-25,25.0,2.207
2024-11-26,25.0,2.207
2024-11-27,25.0,2.169
2024-12-02,25.0,2.118
2024-12-03,25.0,2.074
2024-12-04,25.0,2.054
2024-12-09,25.0,1.977
2024-12-10,25.0,2.003
2024-12-11,25.0,2.011
2024-12-16,25.0,2.076
2024-12-17,25.0,2.129
2024-12-18,25.0,2.155
2024-12-23,25.0,2.169
2024-12-24,25.0,2.187
2024-12-30,25.0,2.207
2024-12-31,25.0,2.207
2025-01-06,25.0,2.253
2025-01-07,25.0,2.271
2025-01-08,25.0,2.327
2025-01-13,25.0,2.417
2025-01-14,25.0,2.407
2025-01-15,25.0,2.442
2025-01-20,25.0,2.407
2025-01-21,25.0,2.395
2025-01-22,25.0,2.371
2025-01-27,25.0,2.35
2025-01-28,25.0,2.379
2025-01-29,25.0,2.388
2025-02-03,25.0,2.396
2025-02-04,25.0,2.348
2025-02-05,25.0,2.315
2025-02-10,25.0,2.188
2025-02-11,25.0,2.184
2025-02-12,25.0,2.19
2025-02-17,25.0,2.302
2025-02-18,25.0,2.276
2025-02-19,25.0,2.332
2025-02-24,25.0,2.391
2025-02-25,25.0,2.404
2025-02-26,25.0,2.344
2025-03-03,25.0,2.275
2025-03-04,25.0,2.292
2025-03-05,25.0,2.271
2025-03-10,25.0,2.61
2025-03-11,25.0,2.612
2025-03-12,25.0,2.701
2025-03-17,25.0,2.701
2025-03-18,25.0,2.713
2025-03-19,25.0,2.758
2025-03-24,25.0,2.621
2025-03-25,25.0,2.669
2025-03-26,25.0,2.67
2025-03-31,25.0,2.692
2025-04-01,25.0,2.703
2025-04-02,25.0,2.692
2025-04-07,25.0,2.622
2025-04-08,25.0,2.575
2025-04-09,25.0,2.57
2025-04-14,25.0,2.687
2025-04-15,25.0,2.566
2025-04-16,25.0,2.536
2025-04-22,25.0,2.543
2025-04-23,25.0,2.533
2025-04-28,25.0,2.506
2025-04-29,25.0,2.496
2025-04-30,25.0,2.494
2025-05-05,25.0,2.483
2025-05-06,25.0,2.484
2025-05-07,25.0,2.537
2025-05-12,25.0,2.499
2025-05-13,25.0,2.575
2025-05-14,25.0,2.568
2025-05-19,25.0,2.691
2025-05-20,25.0,2.612
2025-05-21,25.0,2.595
2025-05-26,25.0,2.726
2025-05-27,25.0,2.733
2025-05-28,25.0,2.695
2025-06-02,25.0,2.637
2025-06-03,25.0,2.618
2025-06-04,25.0,2.631
2025-06-09,25.0,2.636
2025-06-10,25.0,2.682
2025-06-11,25.0,2.693
2025-06-16,25.0,2.675
2025-06-17,25.0,2.632
2025-06-18,25.0,2.655
2025-06-23,25.0,2.642
2025-06-24,25.0,2.651
2025-06-25,25.0,2.666
2025-06-30,25.0,2.727
2025-07-01,25.0,2.756
2025-07-02,25.0,2.746
2025-07-07,25.0,2.782
2025-07-08,25.0,2.738
2025-07-09,25.0,2.753
2025-07-14,25.0,2.799
2025-07-15,25.0,2.828
2025-07-16,25.0,2.867
2025-07-22,25.0,2.864
2025-07-23,25.0,2.864
2025-07-28,25.0,2.85
2025-07-29,25.0,2.849
2025-07-30,25.0,2.861
2025-08-04,25.0,2.888
2025-08-05,25.0,2.867
2025-08-06,25.0,2.861
2025-08-11,25.0,2.842
2025-08-12,25.0,2.819
2025-08-13,25.0,2.876
2025-08-18,25.0,2.874
2025-08-19,25.0,2.906
2025-08-20,25.0,2.97
2025-08-25,25.0,2.916
2025-08-26,25.0,2.94
2025-08-27,25.0,2.923
2025-09-01,25.0,2.913
2025-09-02,25.0,2.91
2025-09-03,25.0,2.936
2025-09-08,25.0,2.962
2025-09-09,25.0,2.944
2025-09-10,25.0,2.93
2025-09-15,25.0,2.897
2025-09-16,25.0,2.866
2025-09-17,25.0,2.91
2025-09-22,25.0,2.875
2025-09-23,25.0,2.931
2025-09-24,25.0,2.942
2025-09-29,25.0,2.968
2025-09-30,25.0,2.956
2025-10-01,25.0,2.956
2025-10-06,25.0,2.928
2025-10-07,25.0,2.93
2025-10-08,25.0,2.94
2025-10-13,25.0,2.915
2025-10-14,25.0,2.927
2025-10-15,25.0,2.894
2025-10-20,25.0,2.841
2025-10-21,25.0,2.819
2025-10-22,25.0,2.855
2025-10-27,25.0,2.838
2025-10-28,25.0,2.856
2025-10-29,25.0,2.883
2025-11-03,25.0,2.896
2025-11-04,25.0,2.879
2025-11-05,25.0,2.906
2025-11-10,25.0,2.95
2025-11-11,25.0,2.947
2025-11-12,25.0,2.971
2025-11-17,25.0,2.965
2025-11-18,25.0,3.021
2025-11-19,25.0,3.053
2025-11-24,25.0,3.077
2025-11-25,25.0,3.088
2025-11-26,25.0,3.061
2025-12-01,25.0,3.052
2025-12-02,25.0,3.064
2025-12-03,25.0,3.085
2025-12-08,25.0,3.114
2025-12-09,25.0,3.131
2025-12-10,25.0,3.172
2025-12-15,25.0,3.179
2025-12-16,25.0,3.193
2025-12-17,25.0,3.228
2025-12-22,25.0,3.247
2025-12-23,25.0,3.247
2025-12-24,25.0,3.289
2025-12-29,25.0,3.258
2025-12-30,25.0,3.261
2025-12-31,25.0,3.261
2026-01-05,25.0,3.25
2026-01-06,25.0,3.257
2026-01-07,25.0,3.303
2026-01-12,25.0,3.193
2026-01-13,25.0,3.217
2026-01-14,25.0,3.193
2026-01-19,25.0,3.146
2026-01-20,25.0,3.122
2026-01-21,25.0,3.132
2026-01-26,25.0,3.218
2026-01-27,25.0,3.208
2026-01-28,25.0,3.221
2026-02-02,25.0,3.198
2026-02-03,25.0,3.185
2026-02-04,25.0,3.183
2026-02-09,25.0,3.212
2026-02-10,25.0,3.18
2026-02-11,25.0,3.192
2026-02-16,25.0,3.146
2026-02-17,25.0,3.114
2026-02-18,25.0,3.108
2026-02-23,25.0,3.081
2026-02-24,25.0,3.076
2026-02-25,25.0,3.073
2026-03-02,25.0,3.053
2026-03-03,25.0,3.029
2026-03-04,25.0,2.991
2026-03-09,25.0,3.064
2026-03-10,25.0,3.066
2026-03-11,25.0,3.05
2026-03-16,25.0,3.128
2026-03-17,25.0,3.135
2026-03-18,25.0,3.18
2026-03-23,25.0,3.16
2026-03-24,25.0,3.074
2026-03-25,25.0,3.157
2026-03-30,25.0,3.125
2026-03-31,25.0,3.186
2024-01-02,30.0,2.258
2024-01-03,30.0,2.326
2024-01-04,30.0,2.325
2024-01-05,30.0,2.306
2024-01-08,30.0,2.274
2024-01-09,30.0,2.381
2024-01-10,30.0,2.409
2024-01-15,30.0,2.446
2024-01-16,30.0,2.455
2024-01-17,30.0,2.422
2024-01-18,30.0,2.412
2024-01-19,30.0,2.412
2024-01-22,30.0,2.46
2024-01-23,30.0,2.498
2024-01-24,30.0,2.464
2024-01-25,30.0,2.459
2024-01-26,30.0,2.453
2024-01-29,30.0,2.51
2024-01-30,30.0,2.453
2024-01-31,30.0,2.494
2024-02-01,30.0,2.494
2024-02-02,30.0,2.482
2024-02-05,30.0,2.397
2024-02-06,30.0,2.363
2024-02-07,30.0,2.418
2024-02-08,30.0,2.407
2024-02-09,30.0,2.401
2024-02-12,30.0,2.498
2024-02-13,30.0,2.509
2024-02-14,30.0,2.509
2024-02-15,30.0,2.498
2024-02-16,30.0,2.498
2024-02-19,30.0,2.449
2024-02-20,30.0,2.482
2024-02-21,30.0,2.488
2024-02-22,30.0,2.475
2024-02-23,30.0,2.475
2024-02-26,30.0,2.516
2024-02-27,30.0,2.489
2024-02-28,30.0,2.427
2024-02-29,30.0,2.412
2024-03-01,30.0,2.412
2024-03-04,30.0,2.495
2024-03-05,30.0,2.426
2024-03-06,30.0,2.416
2024-03-07,30.0,2.416
2024-03-08,30.0,2.41
2024-03-11,30.0,2.34
2024-03-12,30.0,2.334
2024-03-13,30.0,2.311
2024-03-14,30.0,2.307
2024-03-15,30.0,2.295
2024-03-18,30.0,2.365
2024-03-19,30.0,2.42
2024-03-20,30.0,2.424
2024-03-21,30.0,2.404
2024-03-22,30.0,2.404
2024-03-25,30.0,2.439
2024-03-26,30.0,2.432
2024-03-27,30.0,2.353
2024-04-02,30.0,2.321
2024-04-03,30.0,2.316
2024-04-08,30.0,2.426
2024-04-09,30.0,2.392
2024-04-10,30.0,2.43
2024-04-15,30.0,2.411
2024-04-16,30.0,2.445
2024-04-17,30.0,2.388
2024-04-22,30.0,2.458
2024-04-23,30.0,2.495
2024-04-24,30.0,2.483
2024-04-29,30.0,2.596
2024-04-30,30.0,2.615
2024-05-06,30.0,2.532
2024-05-07,30.0,2.492
2024-05-08,30.0,2.467
2024-05-13,30.0,2.446
2024-05-14,30.0,2.457
2024-05-15,30.0,2.51
2024-05-20,30.0,2.426
2024-05-21,30.0,2.467
2024-05-22,30.0,2.507
2024-05-27,30.0,2.508
2024-05-28,30.0,2.525
2024-05-29,30.0,2.506
2024-06-03,30.0,2.625
2024-06-04,30.0,2.587
2024-06-05,30.0,2.595
2024-06-10,30.0,2.467
2024-06-11,30.0,2.487
2024-06-12,30.0,2.525
2024-06-17,30.0,2.506
2024-06-18,30.0,2.496
2024-06-19,30.0,2.378
2024-06-24,30.0,2.416
2024-06-25,30.0,2.439
2024-06-26,30.0,2.455
2024-07-01,30.0,2.505
2024-07-02,30.0,2.505
2024-07-03,30.0,2.538
2024-07-08,30.0,2.536
2024-07-09,30.0,2.558
2024-07-10,30.0,2.528
2024-07-15,30.0,2.508
2024-07-16,30.0,2.485
2024-07-17,30.0,2.506
2024-07-22,30.0,2.439
2024-07-23,30.0,2.466
2024-07-24,30.0,2.499
2024-07-29,30.0,2.506
2024-07-30,30.0,2.486
2024-07-31,30.0,2.459
2024-08-05,30.0,2.358
2024-08-06,30.0,2.336
2024-08-07,30.0,2.3
2024-08-12,30.0,2.337
2024-08-13,30.0,2.347
2024-08-14,30.0,2.306
2024-08-19,30.0,2.248
2024-08-20,30.0,2.296
2024-08-21,30.0,2.279
2024-08-26,30.0,2.236
2024-08-27,30.0,2.297
2024-08-28,30.0,2.288
2024-09-02,30.0,2.308
2024-09-03,30.0,2.336
2024-09-04,30.0,2.36
2024-09-09,30.0,2.285
2024-09-10,30.0,2.267
2024-09-11,30.0,2.277
2024-09-16,30.0,2.238
2024-09-17,30.0,2.268
2024-09-18,30.0,2.26
2024-09-23,30.0,2.297
2024-09-24,30.0,2.345
2024-09-25,30.0,2.328
2024-09-30,30.0,2.309
2024-10-01,30.0,2.317
2024-10-02,30.0,2.279
2024-10-07,30.0,2.228
2024-10-08,30.0,2.276
2024-10-09,30.0,2.288
2024-10-14,30.0,2.346
2024-10-15,30.0,2.329
2024-10-16,30.0,2.319
2024-10-21,30.0,2.256
2024-10-22,30.0,2.276
2024-10-23,30.0,2.25
2024-10-28,30.0,2.319
2024-10-29,30.0,2.276
2024-10-30,30.0,2.276
2024-11-04,30.0,2.239
2024-11-05,30.0,2.168
2024-11-06,30.0,2.176
2024-11-11,30.0,2.203
2024-11-12,30.0,2.186
2024-11-13,30.0,2.127
2024-11-18,30.0,2.099
2024-11-19,30.0,2.047
2024-11-20,30.0,2.048
2024-11-25,30.0,2.088
2024-11-26,30.0,2.106
2024-11-27,30.0,2.07
2024-12-02,30.0,1.997
2024-12-03,30.0,1.986
2024-12-04,30.0,1.948
2024-12-09,30.0,1.887
2024-12-10,30.0,1.906
2024-12-11,30.0,1.908
2024-12-16,30.0,1.977
2024-12-17,30.0,2.027
2024-12-18,30.0,2.056
2024-12-23,30.0,2.036
2024-12-24,30.0,2.087
2024-12-30,30.0,2.107
2024-12-31,30.0,2.107
2025-01-06,30.0,2.253
2025-01-07,30.0,2.174
2025-01-08,30.0,2.206
2025-01-13,30.0,2.325
2025-01-14,30.0,2.319
2025-01-15,30.0,2.319
2025-01-20,30.0,2.297
2025-01-21,30.0,2.29
2025-01-22,30.0,2.269
2025-01-27,30.0,2.269
2025-01-28,30.0,2.277
2025-01-29,30.0,2.285
2025-02-03,30.0,2.309
2025-02-04,30.0,2.268
2025-02-05,30.0,2.216
2025-02-10,30.0,2.098
2025-02-11,30.0,2.106
2025-02-12,30.0,2.106
2025-02-17,30.0,2.227
2025-02-18,30.0,2.207
2025-02-19,30.0,2.247
2025-02-24,30.0,2.327
2025-02-25,30.0,2.318
2025-02-26,30.0,2.276
2025-03-03,30.0,2.226
2025-03-04,30.0,2.229
2025-03-05,30.0,2.191
2025-03-10,30.0,2.523
2025-03-11,30.0,2.526
2025-03-12,30.0,2.585
2025-03-17,30.0,2.635
2025-03-18,30.0,2.628
2025-03-19,30.0,2.686
2025-03-24,30.0,2.585
2025-03-25,30.0,2.598
2025-03-26,30.0,2.601
2025-03-31,30.0,2.636
2025-04-01,30.0,2.656
2025-04-02,30.0,2.635
2025-04-07,30.0,2.587
2025-04-08,30.0,2.547
2025-04-09,30.0,2.511
2025-04-14,30.0,2.61
2025-04-15,30.0,2.491
2025-04-16,30.0,2.428
2025-04-22,30.0,2.472
2025-04-23,30.0,2.479
2025-04-28,30.0,2.462
2025-04-29,30.0,2.442
2025-04-30,30.0,2.427
2025-05-05,30.0,2.418
2025-05-06,30.0,2.417
2025-05-07,30.0,2.488
2025-05-12,30.0,2.434
2025-05-13,30.0,2.497
2025-05-14,30.0,2.499
2025-05-19,30.0,2.63
2025-05-20,30.0,2.547
2025-05-21,30.0,2.529
2025-05-26,30.0,2.665
2025-05-27,30.0,2.691
2025-05-28,30.0,2.65
2025-06-02,30.0,2.6
2025-06-03,30.0,2.581
2025-06-04,30.0,2.588
2025-06-09,30.0,2.6
2025-06-10,30.0,2.637
2025-06-11,30.0,2.649
2025-06-16,30.0,2.658
2025-06-17,30.0,2.605
2025-06-18,30.0,2.63
2025-06-23,30.0,2.606
2025-06-24,30.0,2.629
2025-06-25,30.0,2.628
2025-06-30,30.0,2.696
2025-07-01,30.0,2.72
2025-07-02,30.0,2.73
2025-07-07,30.0,2.748
2025-07-08,30.0,2.719
2025-07-09,30.0,2.727
2025-07-14,30.0,2.783
2025-07-15,30.0,2.809
2025-07-16,30.0,2.844
2025-07-22,30.0,2.836
2025-07-23,30.0,2.848
2025-07-28,30.0,2.837
2025-07-29,30.0,2.844
2025-07-30,30.0,2.828
2025-08-04,30.0,2.854
2025-08-05,30.0,2.841
2025-08-06,30.0,2.839
2025-08-11,30.0,2.823
2025-08-12,30.0,2.794
2025-08-13,30.0,2.852
2025-08-18,30.0,2.868
2025-08-19,30.0,2.901
2025-08-20,30.0,2.969
2025-08-25,30.0,2.896
2025-08-26,30.0,2.924
2025-08-27,30.0,2.901
2025-09-01,30.0,2.894
2025-09-02,30.0,2.887
2025-09-03,30.0,2.915
2025-09-08,30.0,2.948
2025-09-09,30.0,2.931
2025-09-10,30.0,2.92
2025-09-15,30.0,2.883
2025-09-16,30.0,2.855
2025-09-17,30.0,2.895
2025-09-22,30.0,2.855
2025-09-23,30.0,2.922
2025-09-24,30.0,2.931
2025-09-29,30.0,2.954
2025-09-30,30.0,2.94
2025-10-01,30.0,2.941
2025-10-06,30.0,2.917
2025-10-07,30.0,2.919
2025-10-08,30.0,2.926
2025-10-13,30.0,2.904
2025-10-14,30.0,2.911
2025-10-15,30.0,2.873
2025-10-20,30.0,2.825
2025-10-21,30.0,2.804
2025-10-22,30.0,2.84
2025-10-27,30.0,2.822
2025-10-28,30.0,2.841
2025-10-29,30.0,2.867
2025-11-03,30.0,2.879
2025-11-04,30.0,2.861
2025-11-05,30.0,2.893
2025-11-10,30.0,2.938
2025-11-11,30.0,2.932
2025-11-12,30.0,2.966
2025-11-17,30.0,2.958
2025-11-18,30.0,3.016
2025-11-19,30.0,3.046
2025-11-24,30.0,3.073
2025-11-25,30.0,3.084
2025-11-26,30.0,3.058
2025-12-01,30.0,3.048
2025-12-02,30.0,3.061
2025-12-03,30.0,3.084
2025-12-08,30.0,3.112
2025-12-09,30.0,3.126
2025-12-10,30.0,3.169
2025-12-15,30.0,3.17
2025-12-16,30.0,3.186
2025-12-17,30.0,3.223
2025-12-22,30.0,3.242
2025-12-23,30.0,3.242
2025-12-24,30.0,3.283
2025-12-29,30.0,3.251
2025-12-30,30.0,3.253
2025-12-31,30.0,3.25
2026-01-05,30.0,3.243
2026-01-06,30.0,3.249
2026-01-07,30.0,3.294
2026-01-12,30.0,3.183
2026-01-13,30.0,3.206
2026-01-14,30.0,3.177
2026-01-19,30.0,3.129
2026-01-20,30.0,3.099
2026-01-21,30.0,3.107
2026-01-26,30.0,3.202
2026-01-27,30.0,3.19
2026-01-28,30.0,3.201
2026-02-02,30.0,3.181
2026-02-03,30.0,3.169
2026-02-04,30.0,3.167
2026-02-09,30.0,3.194
2026-02-10,30.0,3.162
2026-02-11,30.0,3.175
2026-02-16,30.0,3.129
2026-02-17,30.0,3.1
2026-02-18,30.0,3.093
2026-02-23,30.0,3.064
2026-02-24,30.0,3.058
2026-02-25,30.0,3.056
2026-03-02,30.0,3.039
2026-03-03,30.0,3.012
2026-03-04,30.0,2.973
2026-03-09,30.0,3.039
2026-03-10,30.0,3.025
2026-03-11,30.0,3.0
2026-03-16,30.0,3.08
2026-03-17,30.0,3.086
2026-03-18,30.0,3.129
2026-03-23,30.0,3.109
2026-03-24,30.0,3.016
2026-03-25,30.0,3.093
2026-03-30,30.0,3.063
2026-03-31,30.0,3.115
